valid_time,latitude,longitude,max_temperature,mean_temperature,max_precipitation,mean_precipitation,mslp
01-01-12,18.8,72.8,298.4165,297.08255,0,0,101180.31
01-01-12,19.05,72.8,298.7636,296.96805,0,0,101188.88
02-01-12,18.8,72.8,298.37823,296.42886,0,0,101180.44
02-01-12,19.05,72.8,299.0282,296.2494,0,0,101185.03
03-01-12,18.8,72.8,298.8562,296.9651,0,0,101182.13
03-01-12,19.05,72.8,299.4902,296.69504,0,0,101180.77
04-01-12,18.8,72.8,298.2823,296.4855,9.53E-08,7.94E-09,101201.56
04-01-12,19.05,72.8,298.96832,296.2083,4.77E-07,3.58E-08,101201.875
05-01-12,18.8,72.8,299.34198,296.9696,0,0,101300.62
05-01-12,19.05,72.8,300.2144,296.83798,0,0,101304.375
06-01-12,18.8,72.8,298.935,297.12463,0,0,101401.27
06-01-12,19.05,72.8,299.6479,296.91772,0,0,101402.1
07-01-12,18.8,72.8,298.29865,296.38754,0,0,101517.81
07-01-12,19.05,72.8,298.95746,296.2338,0,0,101520.086
08-01-12,18.8,72.8,298.39557,296.3217,0,0,101584.1
08-01-12,19.05,72.8,298.81244,296.09756,0,0,101590.87
09-01-12,18.8,72.8,297.68076,295.44614,0,0,101490.88
09-01-12,19.05,72.8,298.07617,295.19662,0,0,101499.875
10-01-12,18.8,72.8,298.46802,295.806,0,0,101391.586
10-01-12,19.05,72.8,298.75137,295.53558,0,0,101406.23
11-01-12,18.8,72.8,299.31247,296.38028,0,0,101439.16
11-01-12,19.05,72.8,299.43103,296.03287,0,0,101460.414
12-01-12,18.8,72.8,299.75412,296.61118,0,0,101448.6
12-01-12,19.05,72.8,299.74136,296.1886,0,0,101466.49
13-01-12,18.8,72.8,299.63177,296.75735,0,0,101454.85
13-01-12,19.05,72.8,299.8101,296.43207,0,0,101468.195
14-01-12,18.8,72.8,300.01318,296.8677,0,0,101354.055
14-01-12,19.05,72.8,300.4521,296.58844,0,0,101359.87
15-01-12,18.8,72.8,298.83954,296.52048,0,0,101226.35
15-01-12,19.05,72.8,299.71954,296.33914,0,0,101230.555
16-01-12,18.8,72.8,297.94525,296.13898,0,0,101122.71
16-01-12,19.05,72.8,298.53308,295.94366,0,0,101124.52
17-01-12,18.8,72.8,297.48846,295.59232,0,0,101030.78
17-01-12,19.05,72.8,298.05707,295.4179,0,0,101030.87
18-01-12,18.8,72.8,296.14993,295.18637,0,0,101070.38
18-01-12,19.05,72.8,296.35406,295.071,0,0,101069.74
19-01-12,18.8,72.8,295.87115,294.69266,2.19E-06,2.15E-07,101111.78
19-01-12,19.05,72.8,296.1271,294.4996,1.91E-06,1.99E-07,101111.01
20-01-12,18.8,72.8,297.01767,294.9388,0,0,101236.54
20-01-12,19.05,72.8,297.45828,294.7888,0,0,101241.164
21-01-12,18.8,72.8,298.5216,295.75107,0,0,101144.76
21-01-12,19.05,72.8,299.0712,295.5007,0,0,101146.35
22-01-12,18.8,72.8,297.0414,295.96136,9.53E-08,3.97E-09,101295.34
22-01-12,19.05,72.8,297.2782,295.69363,3.81E-07,1.59E-08,101293.055
23-01-12,18.8,72.8,297.50806,295.71414,0,0,101349.09
23-01-12,19.05,72.8,298.2025,295.64215,0,0,101351.81
24-01-12,18.8,72.8,299.2448,296.62552,0,0,101222.88
24-01-12,19.05,72.8,299.93817,296.53513,0,0,101223.51
25-01-12,18.8,72.8,297.99628,296.40784,0,0,101215.19
25-01-12,19.05,72.8,298.68484,296.3204,0,0,101212.07
26-01-12,18.8,72.8,297.88354,296.11838,0,0,101338.32
26-01-12,19.05,72.8,298.4583,296.07132,0,0,101340.836
27-01-12,18.8,72.8,297.9684,296.09195,0,0,101238.875
27-01-12,19.05,72.8,298.55157,296.0422,0,0,101240.195
28-01-12,18.8,72.8,297.88138,295.86935,0,0,101234.57
28-01-12,19.05,72.8,298.31235,295.7184,0,0,101238.47
29-01-12,18.8,72.8,297.19012,295.02347,0,0,101259.125
29-01-12,19.05,72.8,297.63367,294.83975,0,0,101264.625
30-01-12,18.8,72.8,297.75732,295.32446,0,0,101229.49
30-01-12,19.05,72.8,298.75983,295.32297,0,0,101229.91
31-01-12,18.8,72.8,298.65247,296.63907,0,0,101327.47
31-01-12,19.05,72.8,299.24908,296.6924,0,0,101332.805
01-02-12,18.8,72.8,299.75085,297.43063,0,0,101365.22
01-02-12,19.05,72.8,300.27417,297.56778,0,0,101376.055
02-02-12,18.8,72.8,301.168,297.8414,0,0,101397.87
02-02-12,19.05,72.8,301.38565,297.90985,0,0,101405.1
03-02-12,18.8,72.8,299.9428,297.8645,0,0,101372.25
03-02-12,19.05,72.8,300.61133,297.9169,0,0,101377.4
04-02-12,18.8,72.8,298.76376,297.48605,0,0,101293.336
04-02-12,19.05,72.8,299.48193,297.564,0,0,101293.07
05-02-12,18.8,72.8,299.11664,297.2025,0,0,101298.836
05-02-12,19.05,72.8,299.76987,297.18118,0,0,101303.945
06-02-12,18.8,72.8,298.30713,296.88608,0,0,101254.59
06-02-12,19.05,72.8,299.0802,296.86722,0,0,101256.625
07-02-12,18.8,72.8,297.38528,296.39145,0,0,101271.38
07-02-12,19.05,72.8,297.82614,296.26437,0,0,101277.664
08-02-12,18.8,72.8,296.63483,294.76672,0,0,101371.164
08-02-12,19.05,72.8,296.8352,294.47018,0,0,101389.82
09-02-12,18.8,72.8,297.69354,294.3659,0,0,101237.93
09-02-12,19.05,72.8,298.2399,294.2151,0,0,101252.38
10-02-12,18.8,72.8,298.011,295.35342,0,0,101082.41
10-02-12,19.05,72.8,298.52255,295.27698,0,0,101092.75
11-02-12,18.8,72.8,298.24634,296.06503,0,0,101047.52
11-02-12,19.05,72.8,299.10577,295.99667,0,0,101047.43
12-02-12,18.8,72.8,296.72357,295.42075,1.34E-06,9.94E-08,101119.94
12-02-12,19.05,72.8,297.3142,295.5099,0,0,101114.305
13-02-12,18.8,72.8,297.34314,295.45865,0,0,101224.66
13-02-12,19.05,72.8,297.9112,295.4476,9.53E-08,3.97E-09,101223.305
14-02-12,18.8,72.8,297.42776,295.8486,9.53E-08,3.97E-09,101257.49
14-02-12,19.05,72.8,298.26703,296.0187,0,0,101255.375
15-02-12,18.8,72.8,297.94995,296.25253,0,0,101201.35
15-02-12,19.05,72.8,298.77225,296.31778,0,0,101200.1
16-02-12,18.8,72.8,297.7533,295.759,0,0,101128.51
16-02-12,19.05,72.8,298.43323,295.72516,0,0,101131.16
17-02-12,18.8,72.8,298.71387,295.95407,0,0,101052.25
17-02-12,19.05,72.8,299.82123,295.94205,0,0,101055.26
18-02-12,18.8,72.8,299.6566,297.1055,0,0,101104.98
18-02-12,19.05,72.8,300.94257,297.23965,0,0,101107.805
19-02-12,18.8,72.8,300.1887,297.97244,0,0,101144.1
19-02-12,19.05,72.8,301.63254,298.2245,0,0,101145.6
20-02-12,18.8,72.8,300.1889,298.2848,0,0,101058.875
20-02-12,19.05,72.8,301.14902,298.59344,0,0,101063.44
21-02-12,18.8,72.8,300.46808,298.40222,0,0,100951.94
21-02-12,19.05,72.8,301.79376,298.72018,0,0,100955.664
22-02-12,18.8,72.8,300.50592,298.45218,0,0,100902.41
22-02-12,19.05,72.8,301.5605,298.75272,0,0,100906.49
23-02-12,18.8,72.8,300.1834,298.1949,0,0,100967.93
23-02-12,19.05,72.8,301.30392,298.46085,0,0,100972.336
24-02-12,18.8,72.8,299.46494,297.85104,0,0,100941.99
24-02-12,19.05,72.8,300.5279,298.04666,0,0,100948.09
25-02-12,18.8,72.8,300.1354,298.15402,0,0,100813.93
25-02-12,19.05,72.8,301.20392,298.3096,0,0,100821.82
26-02-12,18.8,72.8,300.57596,298.3265,0,0,100800.77
26-02-12,19.05,72.8,301.34863,298.50653,0,0,100806.336
27-02-12,18.8,72.8,300.65314,298.49112,0,0,100800.414
27-02-12,19.05,72.8,301.64886,298.71112,0,0,100803.57
28-02-12,18.8,72.8,298.46466,297.26376,0,0,100792.02
28-02-12,19.05,72.8,299.56473,297.2961,0,0,100784.41
29-02-12,18.8,72.8,297.72174,296.48038,0,0,100789.54
29-02-12,19.05,72.8,298.14908,296.46548,0,0,100782.32
01-03-12,18.8,72.8,297.64474,295.8087,7.63E-07,1.03E-07,100925.96
01-03-12,19.05,72.8,298.26276,295.75253,4.39E-06,3.89E-07,100924.9
02-03-12,18.8,72.8,297.14798,295.53812,0,0,100938.1
02-03-12,19.05,72.8,297.83624,295.67728,0,0,100933.375
03-03-12,18.8,72.8,297.56003,296.12155,2.29E-06,2.78E-07,100930.85
03-03-12,19.05,72.8,298.53555,296.40103,2.29E-06,1.91E-07,100926.72
04-03-12,18.8,72.8,298.91165,297.02893,0,0,100947.77
04-03-12,19.05,72.8,299.9706,297.35974,0,0,100948.66
05-03-12,18.8,72.8,300.83582,298.3465,0,0,100898.77
05-03-12,19.05,72.8,301.89395,298.7034,0,0,100901.28
06-03-12,18.8,72.8,298.82617,297.3433,0,0,100953.02
06-03-12,19.05,72.8,299.61548,297.40897,0,0,100949.52
07-03-12,18.8,72.8,297.23022,296.1123,4.96E-06,8.19E-07,100881.46
07-03-12,19.05,72.8,297.9814,296.24472,3.43E-06,5.05E-07,100874.72
08-03-12,18.8,72.8,297.05173,295.8,9.53E-08,3.97E-09,100994.93
08-03-12,19.05,72.8,297.47217,296.03055,3.81E-07,1.59E-08,100985.94
09-03-12,18.8,72.8,297.48218,296.25162,0,0,100957.26
09-03-12,19.05,72.8,298.29498,296.45407,0,0,100954.15
10-03-12,18.8,72.8,299.5607,297.37387,0,0,100798.21
10-03-12,19.05,72.8,300.16556,297.50446,0,0,100798.46
11-03-12,18.8,72.8,298.27295,297.2742,0,0,100843.24
11-03-12,19.05,72.8,299.06683,297.3041,0,0,100834.98
12-03-12,18.8,72.8,298.6267,297.25867,0,0,101214.49
12-03-12,19.05,72.8,299.4687,297.27728,0,0,101213.43
13-03-12,18.8,72.8,300.83002,297.965,0,0,101267.77
13-03-12,19.05,72.8,301.5982,298.13248,0,0,101277.44
14-03-12,18.8,72.8,301.024,298.56836,0,0,101199.47
14-03-12,19.05,72.8,301.94754,298.96036,0,0,101206.79
15-03-12,18.8,72.8,299.8636,298.335,0,0,101124.586
15-03-12,19.05,72.8,300.92874,298.66782,0,0,101124.43
16-03-12,18.8,72.8,299.52106,298.22836,0,0,101143.46
16-03-12,19.05,72.8,300.53412,298.47803,0,0,101135.97
17-03-12,18.8,72.8,299.26312,298.07056,0,0,101109.34
17-03-12,19.05,72.8,300.2858,298.45047,0,0,101102.375
18-03-12,18.8,72.8,300.91464,299.0069,0,0,101084.72
18-03-12,19.05,72.8,302.22525,299.4018,0,0,101083.125
19-03-12,18.8,72.8,300.569,298.5491,0,0,101147.1
19-03-12,19.05,72.8,301.93008,298.92072,0,0,101144.44
20-03-12,18.8,72.8,300.31122,298.81558,0,0,101054.47
20-03-12,19.05,72.8,301.68915,299.27554,0,0,101050.81
21-03-12,18.8,72.8,301.42798,299.3636,0,0,100977.6
21-03-12,19.05,72.8,302.67966,299.80048,0,0,100975
22-03-12,18.8,72.8,300.47308,298.89084,0,0,100997.06
22-03-12,19.05,72.8,301.8943,299.29007,0,0,100991.53
23-03-12,18.8,72.8,300.00208,298.90057,0,0,101074.336
23-03-12,19.05,72.8,301.71417,299.4628,0,0,101059.72
24-03-12,18.8,72.8,301.70123,300.03415,0,0,101034.164
24-03-12,19.05,72.8,302.91516,300.65802,0,0,101031.71
25-03-12,18.8,72.8,301.57285,300.07364,0,0,101019.77
25-03-12,19.05,72.8,303.22107,300.88815,0,0,101005.6
26-03-12,18.8,72.8,300.31137,298.74765,0,0,101065.68
26-03-12,19.05,72.8,301.39215,299.32587,0,0,101052.63
27-03-12,18.8,72.8,299.8995,298.52402,0,0,101144.62
27-03-12,19.05,72.8,300.96976,298.7718,0,0,101132.59
28-03-12,18.8,72.8,300.82886,298.86783,0,0,101226.305
28-03-12,19.05,72.8,302.06903,299.42725,1.91E-07,7.94E-09,101211.9
29-03-12,18.8,72.8,300.3098,299.29523,0,0,101234.51
29-03-12,19.05,72.8,301.2097,299.63425,0,0,101219.48
30-03-12,18.8,72.8,300.28403,299.21237,0,0,101124.27
30-03-12,19.05,72.8,300.57825,299.3525,0,0,101110.945
31-03-12,18.8,72.8,300.20145,299.1019,9.53E-08,3.97E-09,101100.24
31-03-12,19.05,72.8,300.6536,299.35263,3.81E-07,1.99E-08,101090.9
01-04-12,18.8,72.8,301.6335,299.98175,0,0,100951.47
01-04-12,19.05,72.8,303.03235,300.50925,0,0,100938.26
02-04-12,18.8,72.8,301.19513,300.40808,0,0,101054.02
02-04-12,19.05,72.8,302.03375,300.66312,0,0,101039.06
03-04-12,18.8,72.8,300.94965,300.21323,0,0,101289.22
03-04-12,19.05,72.8,301.38205,300.32153,0,0,101282.79
04-04-12,18.8,72.8,300.65228,299.70337,4.77E-07,4.37E-08,101240.195
04-04-12,19.05,72.8,301.01114,299.88126,5.72E-07,6.36E-08,101229.09
05-04-12,18.8,72.8,300.54547,299.74573,1.43E-06,2.42E-07,101113
05-04-12,19.05,72.8,300.95892,299.95395,3.34E-06,3.50E-07,101102.91
06-04-12,18.8,72.8,300.7317,299.51086,4.01E-06,3.18E-07,100963.88
06-04-12,19.05,72.8,301.24823,299.7644,3.43E-06,2.15E-07,100954.29
07-04-12,18.8,72.8,300.36713,299.3456,0,0,100882.69
07-04-12,19.05,72.8,300.90237,299.59338,0,0,100873.93
08-04-12,18.8,72.8,300.60608,299.4497,1.14E-06,1.47E-07,100820.81
08-04-12,19.05,72.8,301.1716,299.77878,7.63E-07,8.34E-08,100813.1
09-04-12,18.8,72.8,300.64996,299.75217,2.86E-07,1.59E-08,100912.19
09-04-12,19.05,72.8,301.17825,299.94647,3.81E-07,1.59E-08,100900.31
10-04-12,18.8,72.8,300.84442,299.855,4.10E-06,6.04E-07,100952.49
10-04-12,19.05,72.8,301.13715,300.05017,7.25E-06,1.06E-06,100942.34
11-04-12,18.8,72.8,300.84583,299.855,2.48E-06,5.01E-07,100876.57
11-04-12,19.05,72.8,301.2218,300.06064,3.05E-06,5.56E-07,100866.06
12-04-12,18.8,72.8,300.2882,299.46347,6.68E-07,6.36E-08,100845.555
12-04-12,19.05,72.8,300.68875,299.65363,3.81E-07,4.77E-08,100836.84
13-04-12,18.8,72.8,300.58258,299.608,1.53E-06,1.27E-07,100852.13
13-04-12,19.05,72.8,300.8348,299.76907,7.63E-07,1.59E-07,100846.48
14-04-12,18.8,72.8,300.76184,299.61652,7.63E-07,8.34E-08,100892.48
14-04-12,19.05,72.8,301.66522,299.8699,7.63E-07,1.27E-07,100891.81
15-04-12,18.8,72.8,302.71033,301.0354,0,0,100850.07
15-04-12,19.05,72.8,303.89136,301.4873,0,0,100847.19
16-04-12,18.8,72.8,301.75443,301.09293,0,0,100826.87
16-04-12,19.05,72.8,302.633,301.36255,6.87E-05,2.86E-06,100813.44
17-04-12,18.8,72.8,301.67743,300.80942,0,0,100777.125
17-04-12,19.05,72.8,302.25156,301.04596,0,0,100765.57
18-04-12,18.8,72.8,301.29407,300.40958,3.81E-07,1.59E-08,100713.82
18-04-12,19.05,72.8,301.73996,300.56393,3.81E-07,1.59E-08,100708.44
19-04-12,18.8,72.8,301.92703,300.82407,0,0,100777.836
19-04-12,19.05,72.8,302.81516,301.14474,0,0,100767.79
20-04-12,18.8,72.8,304.85492,302.4873,2.86E-06,2.46E-07,100829.34
20-04-12,19.05,72.8,305.29507,302.749,4.77E-06,2.62E-07,100825.35
21-04-12,18.8,72.8,302.8032,301.93106,0,0,100877.625
21-04-12,19.05,72.8,303.82037,302.37073,0,0,100868.6
22-04-12,18.8,72.8,302.91782,301.23953,0,0,100693.664
22-04-12,19.05,72.8,303.54922,301.61707,0,0,100688.63
23-04-12,18.8,72.8,301.18088,299.9196,0,0,100658.93
23-04-12,19.05,72.8,301.9333,300.27457,0,0,100651.98
24-04-12,18.8,72.8,300.92133,299.7205,3.69E-05,5.28E-06,100787.44
24-04-12,19.05,72.8,301.46796,300.0947,3.73E-05,5.47E-06,100781.09
25-04-12,18.8,72.8,300.61932,299.77036,4.58E-06,6.99E-07,100813.31
25-04-12,19.05,72.8,301.21307,300.05597,6.10E-06,8.74E-07,100808.625
26-04-12,18.8,72.8,301.9247,300.53128,2.86E-07,2.38E-08,100802.805
26-04-12,19.05,72.8,302.97104,300.95938,0,0,100801.93
27-04-12,18.8,72.8,302.41608,300.99304,0,0,100762.43
27-04-12,19.05,72.8,303.48624,301.44907,0,0,100753.625
28-04-12,18.8,72.8,301.9655,300.69815,3.81E-07,1.59E-08,100676.13
28-04-12,19.05,72.8,302.7193,301.0518,3.81E-07,1.59E-08,100664.66
29-04-12,18.8,72.8,300.35626,299.61972,1.08E-05,2.44E-06,100683.38
29-04-12,19.05,72.8,300.8794,299.8645,1.09E-05,2.60E-06,100673.71
30-04-12,18.8,72.8,300.9552,299.97934,8.49E-06,1.63E-06,100676.72
30-04-12,19.05,72.8,301.31897,300.18396,6.87E-06,1.66E-06,100665.43
01-05-12,18.8,72.8,300.85547,300.0223,2.10E-06,4.65E-07,100732.52
01-05-12,19.05,72.8,301.40866,300.30865,3.15E-06,7.51E-07,100719.57
02-05-12,18.8,72.8,300.71448,299.9455,4.48E-06,8.90E-07,100906.29
02-05-12,19.05,72.8,301.12238,300.21152,8.11E-06,1.49E-06,100896.07
03-05-12,18.8,72.8,301.05133,299.99493,1.13E-05,1.56E-06,100806.48
03-05-12,19.05,72.8,301.4455,300.32712,8.77E-06,1.15E-06,100794.375
04-05-12,18.8,72.8,301.3329,300.57812,9.73E-06,2.76E-06,100720.52
04-05-12,19.05,72.8,301.63672,300.81747,1.58E-05,4.01E-06,100705.81
05-05-12,18.8,72.8,301.47275,300.82706,4.86E-06,1.04E-06,100791.26
05-05-12,19.05,72.8,301.78125,301.0714,7.05E-06,2.36E-06,100776.94
06-05-12,18.8,72.8,301.40643,300.7618,6.10E-06,1.31E-06,100973.93
06-05-12,19.05,72.8,301.87488,300.9785,1.49E-05,3.73E-06,100962.79
07-05-12,18.8,72.8,301.3427,300.67886,2.38E-06,1.51E-07,100897.98
07-05-12,19.05,72.8,301.84772,300.94656,2.29E-06,2.35E-07,100889.18
08-05-12,18.8,72.8,301.3062,300.3682,1.00E-05,2.68E-06,100842.414
08-05-12,19.05,72.8,301.87842,300.67273,1.16E-05,2.79E-06,100836.38
09-05-12,18.8,72.8,301.1463,300.348,2.04E-05,4.03E-06,100939.625
09-05-12,19.05,72.8,301.73712,300.66278,1.85E-05,3.37E-06,100929.01
10-05-12,18.8,72.8,301.08255,300.41315,7.09E-05,1.16E-05,101048.625
10-05-12,19.05,72.8,301.633,300.67462,6.02E-05,1.11E-05,101038.41
11-05-12,18.8,72.8,301.29657,300.50003,2.48E-05,6.50E-06,100890.69
11-05-12,19.05,72.8,301.95575,300.76163,1.87E-05,5.07E-06,100881.164
12-05-12,18.8,72.8,301.18484,300.54465,4.20E-05,1.10E-05,100771.56
12-05-12,19.05,72.8,301.72214,300.8149,3.51E-05,9.15E-06,100761.23
13-05-12,18.8,72.8,301.04044,300.36246,1.26E-05,2.09E-06,100830.055
13-05-12,19.05,72.8,301.63983,300.66574,1.99E-05,3.00E-06,100821.91
14-05-12,18.8,72.8,301.58737,300.5745,1.64E-05,2.83E-06,100830.35
14-05-12,19.05,72.8,302.30664,300.94577,1.99E-05,3.29E-06,100823.72
15-05-12,18.8,72.8,301.68848,300.66794,3.70E-05,5.01E-06,100878.26
15-05-12,19.05,72.8,302.24594,301.00974,3.78E-05,5.13E-06,100870.695
16-05-12,18.8,72.8,301.40308,300.7669,5.44E-06,1.42E-06,100819.75
16-05-12,19.05,72.8,301.89084,301.0311,7.44E-06,1.44E-06,100810.84
17-05-12,18.8,72.8,301.9267,300.93884,2.29E-06,3.30E-07,100773.02
17-05-12,19.05,72.8,302.4989,301.2676,7.72E-06,7.15E-07,100764.07
18-05-12,18.8,72.8,302.42474,301.16833,1.08E-05,2.23E-06,100810.625
18-05-12,19.05,72.8,303.2905,301.58264,1.73E-05,3.00E-06,100805.945
19-05-12,18.8,72.8,301.83167,300.7358,2.86E-06,6.12E-07,100865.81
19-05-12,19.05,72.8,302.451,301.04172,5.63E-06,7.83E-07,100857.85
20-05-12,18.8,72.8,301.9254,300.77286,1.05E-05,2.05E-06,100791.94
20-05-12,19.05,72.8,302.30426,301.02777,8.96E-06,1.49E-06,100780.664
21-05-12,18.8,72.8,301.32013,300.67853,2.06E-05,8.15E-06,100759.85
21-05-12,19.05,72.8,301.86633,301.02036,1.95E-05,6.43E-06,100748.49
22-05-12,18.8,72.8,301.5175,300.85904,3.46E-05,1.06E-05,100811.19
22-05-12,19.05,72.8,301.99213,301.2053,2.87E-05,6.40E-06,100799.73
23-05-12,18.8,72.8,301.51733,300.8683,3.01E-05,6.81E-06,100818.84
23-05-12,19.05,72.8,302.08228,301.23978,1.91E-05,4.26E-06,100806.88
24-05-12,18.8,72.8,301.60107,301.01926,2.19E-05,5.13E-06,100769.125
24-05-12,19.05,72.8,302.10303,301.3743,1.73E-05,3.91E-06,100755.07
25-05-12,18.8,72.8,301.87943,301.16415,3.24E-05,6.50E-06,100719.086
25-05-12,19.05,72.8,302.2551,301.50293,3.81E-05,8.38E-06,100705.62
26-05-12,18.8,72.8,301.66577,300.98642,3.78E-05,6.89E-06,100764.87
26-05-12,19.05,72.8,302.13977,301.28854,4.76E-05,8.06E-06,100752.34
27-05-12,18.8,72.8,301.7244,301.1467,4.52E-05,1.04E-05,100762.38
27-05-12,19.05,72.8,302.23923,301.49088,3.47E-05,8.48E-06,100748.85
28-05-12,18.8,72.8,301.66016,300.9138,9.64E-05,2.38E-05,100731.41
28-05-12,19.05,72.8,302.18164,301.28702,9.25E-05,2.06E-05,100717.52
29-05-12,18.8,72.8,301.58206,300.92355,5.48E-05,1.56E-05,100795.91
29-05-12,19.05,72.8,302.137,301.3208,4.62E-05,1.34E-05,100782.664
30-05-12,18.8,72.8,301.70886,301.0712,3.69E-05,1.06E-05,100745.41
30-05-12,19.05,72.8,302.16736,301.41052,3.34E-05,9.90E-06,100730.79
31-05-12,18.8,72.8,302.0995,301.19083,5.91E-05,1.43E-05,100557.35
31-05-12,19.05,72.8,302.42636,301.4644,4.01E-05,9.71E-06,100542.79
01-06-12,18.8,72.8,301.78897,301.2091,0.000126553,2.83E-05,100598.81
01-06-12,19.05,72.8,302.13928,301.4765,0.000126256,2.98E-05,100585.055
02-06-12,18.8,72.8,302.01877,301.32257,0.000378993,8.97E-05,100580.31
02-06-12,19.05,72.8,302.36176,301.5571,0.000393649,8.89E-05,100567.07
03-06-12,18.8,72.8,302.38278,301.45065,0.000106436,2.11E-05,100486.93
03-06-12,19.05,72.8,302.64728,301.67392,0.000155832,2.86E-05,100472.625
04-06-12,18.8,72.8,302.4695,301.75143,0.000105859,2.87E-05,100413.4
04-06-12,19.05,72.8,302.77316,301.97137,0.000114053,3.17E-05,100403.9
05-06-12,18.8,72.8,301.74103,301.42294,0.000143446,5.11E-05,100362.87
05-06-12,19.05,72.8,302.4214,301.76398,0.0001496,2.90E-05,100352.71
06-06-12,18.8,72.8,301.33426,300.8483,0.000313379,9.96E-05,100302.68
06-06-12,19.05,72.8,301.597,301.18106,0.000264918,8.99E-05,100291.32
07-06-12,18.8,72.8,301.518,300.31766,0.00043373,0.000201958,100413.836
07-06-12,19.05,72.8,301.90738,300.63586,0.00045813,0.00015015,100401.84
08-06-12,18.8,72.8,301.76294,300.6064,0.002102356,0.00034552,100606.164
08-06-12,19.05,72.8,302.01666,300.85635,0.002022501,0.000311948,100593.81
09-06-12,18.8,72.8,301.44666,300.6124,0.001501254,0.000369181,100706.125
09-06-12,19.05,72.8,301.67834,300.79437,0.001488485,0.000349949,100691.52
10-06-12,18.8,72.8,300.58255,299.8411,0.000483151,0.000260466,100616.65
10-06-12,19.05,72.8,300.81265,300.0596,0.000368551,0.000259195,100597.445
11-06-12,18.8,72.8,300.93976,299.9928,0.000705652,0.000309735,100287.1
11-06-12,19.05,72.8,301.40967,300.26953,0.000619249,0.000277925,100276.78
12-06-12,18.8,72.8,301.96942,300.99362,0.001964315,0.000312903,100107.375
12-06-12,19.05,72.8,303.15228,301.50778,0.001098721,0.000129051,100105.1
13-06-12,18.8,72.8,301.5079,300.48822,0.008537869,0.001172963,100304.78
13-06-12,19.05,72.8,302.04535,300.7472,0.004318073,0.000772209,100294.914
14-06-12,18.8,72.8,302.09332,301.12076,0.000349541,0.000117162,100461.46
14-06-12,19.05,72.8,302.5351,301.33017,0.000335576,0.000110128,100449.63
15-06-12,18.8,72.8,301.9768,301.04553,0.000333024,0.00014084,100507.1
15-06-12,19.05,72.8,302.3109,301.29675,0.000324802,0.000149192,100491.805
16-06-12,18.8,72.8,300.9796,300.44934,0.002842229,0.001283796,100430.25
16-06-12,19.05,72.8,301.50784,300.67984,0.002809246,0.001247606,100410
17-06-12,18.8,72.8,300.52707,299.97098,0.003486606,0.001666008,100325.375
17-06-12,19.05,72.8,300.93835,300.18506,0.0029711,0.001418546,100301.79
18-06-12,18.8,72.8,301.50183,300.49002,0.000806739,0.000390363,100417.62
18-06-12,19.05,72.8,302.05695,300.94238,0.000591935,0.000328572,100384.26
19-06-12,18.8,72.8,301.03836,300.3279,0.00075504,0.000442133,100558.25
19-06-12,19.05,72.8,301.69196,300.83005,0.000669331,0.000361946,100527.73
20-06-12,18.8,72.8,301.3318,300.41998,0.000595909,0.000267529,100531.06
20-06-12,19.05,72.8,302.01944,300.76477,0.000636815,0.000241375,100508.28
21-06-12,18.8,72.8,301.77957,300.75006,0.000498773,0.000177726,100537.664
21-06-12,19.05,72.8,302.2252,301.12296,0.000508928,0.000155998,100515.31
22-06-12,18.8,72.8,301.87344,301.16043,0.00025414,0.000133018,100558.195
22-06-12,19.05,72.8,302.2932,301.47598,0.000225182,0.000122438,100538.37
23-06-12,18.8,72.8,301.23053,300.56528,0.000361351,0.000189185,100470.65
23-06-12,19.05,72.8,301.97336,300.97928,0.000385823,0.000195256,100448.23
24-06-12,18.8,72.8,300.39935,299.91132,0.000541884,0.000405643,100376.44
24-06-12,19.05,72.8,300.6291,300.09726,0.000742174,0.000412079,100354.02
25-06-12,18.8,72.8,301.0638,300.15555,0.000521488,0.000283371,100577.29
25-06-12,19.05,72.8,301.45453,300.40628,0.000431798,0.000268675,100553.91
26-06-12,18.8,72.8,301.01282,300.00787,0.001306627,0.000401624,100670.945
26-06-12,19.05,72.8,301.29742,300.254,0.000941571,0.000355913,100648.13
27-06-12,18.8,72.8,300.81064,299.75516,0.001176907,0.000658895,100627.5
27-06-12,19.05,72.8,301.00412,299.93314,0.000925111,0.000489722,100605.695
28-06-12,18.8,72.8,300.61813,299.70282,0.000852271,0.000474177,100582.47
28-06-12,19.05,72.8,300.95078,299.97745,0.000580858,0.0003362,100564.78
29-06-12,18.8,72.8,300.69238,299.728,0.001693602,0.000951461,100494.03
29-06-12,19.05,72.8,301.20978,300.00244,0.001586557,0.000739841,100479.81
30-06-12,18.8,72.8,300.6945,299.85956,0.001748158,0.000733809,100353.27
30-06-12,19.05,72.8,301.25357,300.1627,0.001612702,0.000641742,100338.25
01-07-12,18.8,72.8,300.79376,299.92358,0.002455387,0.000724884,100148.26
01-07-12,19.05,72.8,301.0551,300.1882,0.001754839,0.000590293,100137.62
02-07-12,18.8,72.8,301.0324,300.03415,0.003387224,0.001181697,99997.16
02-07-12,19.05,72.8,301.35138,300.28714,0.002505459,0.000702007,99989.414
03-07-12,18.8,72.8,300.95035,300.13934,0.008759704,0.002742041,99959.21
03-07-12,19.05,72.8,301.8441,300.48337,0.009541251,0.002846476,99925.13
04-07-12,18.8,72.8,300.64264,299.997,0.003684873,0.001582791,99944.57
04-07-12,19.05,72.8,300.72797,300.09793,0.003477579,0.001551631,99914.71
05-07-12,18.8,72.8,300.14398,299.71497,0.001919,0.001103923,100218.68
05-07-12,19.05,72.8,300.47842,299.9354,0.00233057,0.001094882,100193.43
06-07-12,18.8,72.8,300.15784,299.6513,0.001011557,0.000477287,100344.12
06-07-12,19.05,72.8,300.35532,299.87262,0.000949886,0.000464194,100323.13
07-07-12,18.8,72.8,299.87378,299.5784,0.001444603,0.000901209,100259.56
07-07-12,19.05,72.8,300.0807,299.76556,0.001642645,0.00093722,100239.74
08-07-12,18.8,72.8,300.15527,299.7073,0.000814931,0.000524596,100209.74
08-07-12,19.05,72.8,300.32886,299.92722,0.001023678,0.000560069,100187.65
09-07-12,18.8,72.8,300.34827,299.7273,0.000579455,0.000320108,100256.18
09-07-12,19.05,72.8,300.84113,299.89804,0.000661303,0.000329034,100237.13
10-07-12,18.8,72.8,300.63293,299.771,0.001611676,0.000633991,100274.47
10-07-12,19.05,72.8,300.95227,299.99142,0.00177532,0.00067769,100254.74
11-07-12,18.8,72.8,300.31555,299.73117,0.002028752,0.000794552,100366.164
11-07-12,19.05,72.8,300.6274,299.9903,0.001758094,0.0007331,100346.82
12-07-12,18.8,72.8,300.25412,299.75366,0.00139754,0.000630899,100506.72
12-07-12,19.05,72.8,300.69003,299.9821,0.001201001,0.000586443,100487.305
13-07-12,18.8,72.8,300.20993,299.73172,0.001346841,0.000573903,100605.62
13-07-12,19.05,72.8,300.50928,299.97015,0.001227416,0.000550577,100586.18
14-07-12,18.8,72.8,301.0888,300.1188,0.000502585,0.000257165,100533.07
14-07-12,19.05,72.8,301.4684,300.33575,0.000496865,0.000272664,100513.586
15-07-12,18.8,72.8,300.179,299.67587,0.000449338,0.000285467,100524.44
15-07-12,19.05,72.8,300.4807,299.934,0.000447074,0.000250512,100504.97
16-07-12,18.8,72.8,300.02527,299.38846,0.000337702,0.00022168,100621.836
16-07-12,19.05,72.8,300.28857,299.65396,0.00035405,0.000226337,100603.01
17-07-12,18.8,72.8,300.35434,299.42862,0.000715338,0.000485164,100700.5
17-07-12,19.05,72.8,300.72223,299.67758,0.00080733,0.000432552,100682.055
18-07-12,18.8,72.8,299.65802,299.29123,0.002427082,0.001333399,100674.69
18-07-12,19.05,72.8,299.8687,299.4429,0.002322224,0.001243966,100648.41
19-07-12,18.8,72.8,300.83026,300.0349,0.003637731,0.001570877,100531.555
19-07-12,19.05,72.8,300.93784,300.09982,0.003288686,0.001433012,100507.18
20-07-12,18.8,72.8,301.10095,300.41977,0.000466125,0.000308193,100375.914
20-07-12,19.05,72.8,301.3446,300.60776,0.000507206,0.000289373,100347.16
21-07-12,18.8,72.8,301.37622,300.8903,0.00041196,0.000251959,100431.805
21-07-12,19.05,72.8,301.6968,301.1163,0.000382103,0.000215071,100407.77
22-07-12,18.8,72.8,301.0149,300.71658,0.000417626,0.0002386,100484.305
22-07-12,19.05,72.8,301.35028,300.9944,0.000412048,0.000193637,100460.06
23-07-12,18.8,72.8,301.03586,300.1987,0.000639841,0.000359932,100327.35
23-07-12,19.05,72.8,301.37347,300.55292,0.000590793,0.000313559,100297.555
24-07-12,18.8,72.8,300.74518,299.9418,0.002024874,0.000776761,100310.59
24-07-12,19.05,72.8,300.88043,300.1381,0.001715265,0.000623408,100283.75
25-07-12,18.8,72.8,300.4875,300.15945,0.001363428,0.000612996,100447.04
25-07-12,19.05,72.8,300.66663,300.36838,0.000942064,0.000470444,100417.805
26-07-12,18.8,72.8,300.67175,300.38205,0.000792109,0.000414822,100492.98
26-07-12,19.05,72.8,300.93753,300.6207,0.000647665,0.000312893,100462.96
27-07-12,18.8,72.8,301.05933,300.51837,0.000302881,0.000195715,100340.91
27-07-12,19.05,72.8,301.3749,300.75858,0.000320102,0.000168569,100314.305
28-07-12,18.8,72.8,300.2742,299.9174,0.000969352,0.000471831,100412.79
28-07-12,19.05,72.8,300.7209,300.29764,0.000832307,0.0003995,100386.46
29-07-12,18.8,72.8,299.7791,299.15057,0.001661326,0.001070436,100569.19
29-07-12,19.05,72.8,300.08762,299.5196,0.001436859,0.000958865,100540.055
30-07-12,18.8,72.8,299.73184,299.08432,0.002052004,0.001318611,100590.836
30-07-12,19.05,72.8,299.81738,299.23746,0.002159776,0.001214863,100562.84
31-07-12,18.8,72.8,300.57333,299.24557,0.002100035,0.001556422,100568.15
31-07-12,19.05,72.8,300.5807,299.3802,0.002033009,0.001429059,100532.76
01-08-12,18.8,72.8,300.63107,299.62872,0.00186931,0.000687338,100651.586
01-08-12,19.05,72.8,300.8122,299.786,0.001598019,0.000563135,100621.1
02-08-12,18.8,72.8,299.97678,299.6087,0.000643118,0.000405343,100746.13
02-08-12,19.05,72.8,300.18805,299.82248,0.00064103,0.000362757,100720.26
03-08-12,18.8,72.8,300.3502,299.9752,0.000591616,0.000337745,100557.29
03-08-12,19.05,72.8,300.43707,300.11386,0.000437654,0.000291289,100526.84
04-08-12,18.8,72.8,300.39508,300.0195,0.000763922,0.000438099,100426.16
04-08-12,19.05,72.8,300.75262,300.17313,0.000818532,0.000417929,100394.914
05-08-12,18.8,72.8,300.4497,300.07913,0.000785911,0.000406665,100485.195
05-08-12,19.05,72.8,300.69403,300.33066,0.000566434,0.000315074,100456.91
06-08-12,18.8,72.8,300.23547,299.76004,0.001403785,0.000695669,100513.76
06-08-12,19.05,72.8,300.57748,299.98398,0.001065418,0.000583285,100487.31
07-08-12,18.8,72.8,299.86908,299.37955,0.001459619,0.000719873,100529.586
07-08-12,19.05,72.8,300.17023,299.59155,0.001167452,0.000577468,100502.62
08-08-12,18.8,72.8,299.9966,299.49994,0.000665074,0.000449861,100650.18
08-08-12,19.05,72.8,300.22482,299.73068,0.000557532,0.000366241,100625.555
09-08-12,18.8,72.8,300.1984,299.32614,0.001124369,0.00066857,100610.445
09-08-12,19.05,72.8,300.5938,299.50128,0.001077958,0.000560352,100583.586
10-08-12,18.8,72.8,299.8761,299.18594,0.001498072,0.00093811,100428.29
10-08-12,19.05,72.8,300.08798,299.4761,0.001341025,0.000756844,100400.62
11-08-12,18.8,72.8,300.2735,299.6298,0.000471282,0.000246989,100423.4
11-08-12,19.05,72.8,300.48364,299.83292,0.000325204,0.000202435,100398.25
12-08-12,18.8,72.8,299.96027,299.6047,0.000533834,0.000290293,100460.18
12-08-12,19.05,72.8,300.0819,299.70627,0.000445716,0.000238897,100435.74
13-08-12,18.8,72.8,300.53293,299.66397,0.00034512,0.000206133,100521.04
13-08-12,19.05,72.8,300.64017,299.8124,0.000335634,0.000183649,100496.73
14-08-12,18.8,72.8,300.41913,299.85245,0.000251954,0.000150483,100626.9
14-08-12,19.05,72.8,300.5172,299.99496,0.000226385,0.000138447,100602.6
15-08-12,18.8,72.8,300.53577,299.7758,0.000340173,0.000178409,100700.91
15-08-12,19.05,72.8,300.69675,299.89505,0.000246925,0.000159096,100680.29
16-08-12,18.8,72.8,300.34433,299.47635,0.000292863,0.00013985,100714.47
16-08-12,19.05,72.8,300.6785,299.72815,0.000272088,0.00012462,100696.97
17-08-12,18.8,72.8,300.0459,299.3809,0.000255204,0.000162647,100726.74
17-08-12,19.05,72.8,300.3556,299.61514,0.000265146,0.000154772,100709.805
18-08-12,18.8,72.8,300.00104,299.28952,0.0003292,0.000193577,100679.23
18-08-12,19.05,72.8,300.3573,299.58694,0.00024032,0.000148492,100659.5
19-08-12,18.8,72.8,299.3881,299.05283,0.000875603,0.000469994,100487.54
19-08-12,19.05,72.8,299.8528,299.31046,0.000657048,0.000380827,100463.6
20-08-12,18.8,72.8,299.64835,299.1957,0.000603104,0.000340991,100454.25
20-08-12,19.05,72.8,299.75623,299.31897,0.000470257,0.000292658,100435.74
21-08-12,18.8,72.8,299.99673,299.42184,0.000475313,0.000226294,100598.84
21-08-12,19.05,72.8,300.08423,299.54135,0.000465065,0.000224609,100580.79
22-08-12,18.8,72.8,300.0117,299.17783,0.000648789,0.000375331,100650.914
22-08-12,19.05,72.8,299.96817,299.28964,0.00075363,0.000379851,100636.195
23-08-12,18.8,72.8,301.07095,299.7735,0.001328227,0.00033101,100757.91
23-08-12,19.05,72.8,301.24124,299.87518,0.001242316,0.000332611,100746.68
24-08-12,18.8,72.8,301.31512,300.26266,0.000173567,8.30E-05,100822.76
24-08-12,19.05,72.8,301.63928,300.38422,0.000156042,8.41E-05,100812.27
25-08-12,18.8,72.8,300.89404,299.9913,0.000307359,0.000117422,100779.43
25-08-12,19.05,72.8,300.93585,300.18588,0.000754329,0.000176844,100768.625
26-08-12,18.8,72.8,299.66272,299.20767,0.001316683,0.00069572,100728.28
26-08-12,19.05,72.8,299.65726,299.43457,0.001397727,0.000664377,100709.24
27-08-12,18.8,72.8,299.459,298.98972,0.00209819,0.001635958,100549.6
27-08-12,19.05,72.8,299.7101,299.20474,0.002504693,0.001752211,100523.07
28-08-12,18.8,72.8,299.76862,299.21924,0.003865334,0.002611284,100497.74
28-08-12,19.05,72.8,300.13647,299.39703,0.003828729,0.002305214,100474.914
29-08-12,18.8,72.8,300.0684,299.32025,0.003767747,0.00136418,100442.805
29-08-12,19.05,72.8,300.1058,299.44492,0.00401951,0.001292888,100424.07
30-08-12,18.8,72.8,300.3308,299.66672,0.002079091,0.001338251,100352.68
30-08-12,19.05,72.8,300.91943,299.9413,0.001671507,0.000680011,100337.54
31-08-12,18.8,72.8,300.62918,300.011,0.004303318,0.001622785,100238.07
31-08-12,19.05,72.8,300.8886,300.06793,0.001488965,0.00063936,100217.88
01-09-12,18.8,72.8,300.47784,299.8154,0.001935422,0.000915888,100252.23
01-09-12,19.05,72.8,300.7047,299.99432,0.002023822,0.000793989,100232.73
02-09-12,18.8,72.8,300.31168,299.82996,0.002767595,0.000881122,100391.79
02-09-12,19.05,72.8,300.75995,299.9997,0.002118939,0.000780888,100373.59
03-09-12,18.8,72.8,300.04123,299.6197,0.002288673,0.001633251,100340.4
03-09-12,19.05,72.8,300.37683,299.79428,0.001943706,0.001391694,100320.18
04-09-12,18.8,72.8,299.71497,299.36496,0.004533976,0.002723712,100321.46
04-09-12,19.05,72.8,300.15472,299.50934,0.004903287,0.00255881,100295.35
05-09-12,18.8,72.8,299.8795,299.55472,0.003325529,0.001338758,100358.31
05-09-12,19.05,72.8,300.04724,299.64517,0.003763987,0.001586985,100333.24
06-09-12,18.8,72.8,300.02148,299.4008,0.001434678,0.000840343,100467.19
06-09-12,19.05,72.8,300.11176,299.4892,0.001980652,0.000875187,100440.164
07-09-12,18.8,72.8,300.43887,299.51855,0.001132189,0.000480012,100473.52
07-09-12,19.05,72.8,300.63004,299.6497,0.001153048,0.000486433,100450.97
08-09-12,18.8,72.8,300.08673,299.63742,0.001661207,0.000637175,100496.71
08-09-12,19.05,72.8,300.21573,299.80298,0.001589326,0.000642123,100473.01
09-09-12,18.8,72.8,299.90143,299.40952,0.001970833,0.000596272,100601.38
09-09-12,19.05,72.8,300.22437,299.56784,0.001547476,0.000621993,100580.18
10-09-12,18.8,72.8,300.20496,299.52054,0.001412409,0.000784516,100662.54
10-09-12,19.05,72.8,300.22266,299.71652,0.001450603,0.000847874,100638.37
11-09-12,18.8,72.8,300.41382,299.58875,0.004180849,0.001564495,100637.13
11-09-12,19.05,72.8,300.65744,299.70477,0.005047377,0.001806178,100616.53
12-09-12,18.8,72.8,299.98462,299.5969,0.000278458,0.000189472,100664.62
12-09-12,19.05,72.8,300.3945,299.73514,0.000260821,0.000174848,100645.79
13-09-12,18.8,72.8,299.96756,299.21353,0.000302592,0.000212715,100765.71
13-09-12,19.05,72.8,300.23926,299.3672,0.000334563,0.000215621,100747.21
14-09-12,18.8,72.8,299.42606,298.9815,0.000625604,0.000268444,100736.66
14-09-12,19.05,72.8,299.70648,299.15494,0.000592953,0.000272964,100717.07
15-09-12,18.8,72.8,300.27835,299.52063,0.001235548,0.000312573,100637.28
15-09-12,19.05,72.8,300.58014,299.6541,0.001358287,0.000351082,100615.98
16-09-12,18.8,72.8,300.3146,299.71902,0.00026167,0.000152245,100655.81
16-09-12,19.05,72.8,300.64688,299.87637,0.000274098,0.00013044,100637.62
17-09-12,18.8,72.8,300.67194,299.56332,0.000273335,0.000127525,100726.37
17-09-12,19.05,72.8,300.97443,299.72617,0.000238967,0.00014398,100709.43
18-09-12,18.8,72.8,300.18597,299.53528,0.000251025,0.000145345,100805.805
18-09-12,19.05,72.8,300.39996,299.62607,0.000274055,0.000145006,100793.94
19-09-12,18.8,72.8,300.40472,299.0838,0.000244905,7.11E-05,100787.555
19-09-12,19.05,72.8,300.66074,299.21628,0.000278052,8.19E-05,100779.56
20-09-12,18.8,72.8,300.6857,299.68268,0.000240708,6.92E-05,100861.93
20-09-12,19.05,72.8,300.8214,299.79263,0.000255754,8.48E-05,100854.21
21-09-12,18.8,72.8,300.6873,300.14047,0.00019084,7.62E-05,100898.195
21-09-12,19.05,72.8,301.05713,300.41397,0.000196401,5.86E-05,100888.18
22-09-12,18.8,72.8,300.4639,299.84094,0.000281811,0.000124588,101014.85
22-09-12,19.05,72.8,300.75946,300.1223,0.00036941,0.000171485,101005.01
23-09-12,18.8,72.8,300.55383,299.5292,0.00023815,0.000115623,101006.43
23-09-12,19.05,72.8,300.84354,299.67944,0.000237547,9.46E-05,100998
24-09-12,18.8,72.8,300.48764,299.4752,0.000178348,6.57E-05,101009.914
24-09-12,19.05,72.8,300.87286,299.64944,0.000168887,6.50E-05,101000.99
25-09-12,18.8,72.8,300.1873,299.68265,0.000164975,4.15E-05,101031.93
25-09-12,19.05,72.8,300.4888,299.81403,0.00025786,6.08E-05,101023.85
26-09-12,18.8,72.8,300.9203,299.78317,0.000191389,4.21E-05,101167.5
26-09-12,19.05,72.8,301.2877,299.99435,0.000259571,3.92E-05,101161.77
27-09-12,18.8,72.8,301.57208,300.45663,0.000210164,5.22E-05,101179.07
27-09-12,19.05,72.8,302.03467,300.7257,0.000331398,5.74E-05,101175.85
28-09-12,18.8,72.8,301.82776,300.86026,0.000154002,6.22E-05,101094.195
28-09-12,19.05,72.8,302.30585,301.053,0.00024366,7.43E-05,101091.76
29-09-12,18.8,72.8,302.36957,301.20163,0.0001199,1.75E-05,100924.75
29-09-12,19.05,72.8,303.13406,301.44888,5.53E-05,5.15E-06,100921.15
30-09-12,18.8,72.8,302.9944,301.67154,7.63E-07,4.37E-08,100773.914
30-09-12,19.05,72.8,303.84113,301.9498,3.82E-07,1.59E-08,100767.34
01-10-12,18.8,72.8,302.15543,301.40128,0.002226077,0.000198261,100722.9
01-10-12,19.05,72.8,302.78638,301.5626,0.002380704,0.000252532,100712.21
02-10-12,18.8,72.8,301.18826,300.34256,0.002593649,0.000585714,100721.336
02-10-12,19.05,72.8,301.78656,300.551,0.001167286,0.000262873,100713.125
03-10-12,18.8,72.8,301.05206,299.9315,0.002147624,0.00073494,100707.09
03-10-12,19.05,72.8,301.1962,299.97385,0.003710398,0.000854296,100702.48
04-10-12,18.8,72.8,300.48602,299.83347,0.001902733,0.000624898,100735.6
04-10-12,19.05,72.8,300.92578,300.0096,0.00150581,0.000479165,100734.78
05-10-12,18.8,72.8,300.6726,299.42056,0.001638564,0.000544749,100896.73
05-10-12,19.05,72.8,301.3114,299.62906,0.002485114,0.000529315,100893.914
06-10-12,18.8,72.8,300.68677,299.35464,0.003564939,0.000945552,101051.48
06-10-12,19.05,72.8,301.34418,299.67685,0.00223369,0.000764844,101042.695
07-10-12,18.8,72.8,299.99854,299.15652,0.004665898,0.001816705,101088.38
07-10-12,19.05,72.8,300.51474,299.37057,0.002108003,0.000690719,101089.4
08-10-12,18.8,72.8,301.4427,300.3027,0.000211582,4.63E-05,100950.195
08-10-12,19.05,72.8,302.13495,300.5906,5.34E-05,1.08E-05,100945.19
09-10-12,18.8,72.8,302.2845,300.94632,0.000365654,3.37E-05,100901.49
09-10-12,19.05,72.8,303.01105,301.2537,0.000427772,3.92E-05,100897.164
10-10-12,18.8,72.8,302.33936,301.01755,0.000240374,3.20E-05,100925.914
10-10-12,19.05,72.8,303.0156,301.18768,0.00047289,2.99E-05,100922.34
11-10-12,18.8,72.8,302.9826,301.76672,0.000215285,9.59E-06,100980.375
11-10-12,19.05,72.8,303.6523,301.93945,1.91E-06,1.51E-07,100976.78
12-10-12,18.8,72.8,303.15732,301.45157,0,0,100982.6
12-10-12,19.05,72.8,303.8063,301.54013,0,0,100981.31
13-10-12,18.8,72.8,303.0741,301.4191,1.91E-07,1.59E-08,101016.13
13-10-12,19.05,72.8,303.58374,301.46713,7.63E-07,4.77E-08,101016.27
14-10-12,18.8,72.8,303.4353,301.6108,0,0,101105.44
14-10-12,19.05,72.8,304.07983,301.7095,0,0,101108.65
15-10-12,18.8,72.8,303.73407,301.85788,0,0,101256.72
15-10-12,19.05,72.8,304.40857,301.96207,0,0,101260.586
16-10-12,18.8,72.8,303.71323,301.8348,0,0,101323.85
16-10-12,19.05,72.8,304.33527,301.89932,0,0,101329.23
17-10-12,18.8,72.8,303.76556,301.84433,0,0,101287.6
17-10-12,19.05,72.8,304.3674,301.97485,0,0,101293.086
18-10-12,18.8,72.8,303.5871,301.79065,0,0,101166.07
18-10-12,19.05,72.8,304.24213,301.87512,0,0,101172
19-10-12,18.8,72.8,303.8637,301.84824,0,0,101109.51
19-10-12,19.05,72.8,304.30383,301.91138,0,0,101115.65
20-10-12,18.8,72.8,303.73016,301.553,0,0,101107.25
20-10-12,19.05,72.8,304.32486,301.45093,0,0,101119.625
21-10-12,18.8,72.8,303.69153,301.8072,4.88E-05,6.01E-06,101122.5
21-10-12,19.05,72.8,303.8659,301.73453,5.50E-05,2.48E-06,101135.875
22-10-12,18.8,72.8,302.86523,301.81836,3.81E-07,1.59E-08,101134.5
22-10-12,19.05,72.8,303.19687,301.70267,0,0,101142.79
23-10-12,18.8,72.8,302.92307,301.65927,0.000175243,2.65E-05,101111.414
23-10-12,19.05,72.8,303.4842,301.7483,0.000192902,1.63E-05,101116.21
24-10-12,18.8,72.8,303.23938,301.5624,0.000341121,1.60E-05,101071.54
24-10-12,19.05,72.8,303.77197,301.63138,6.11E-05,2.78E-06,101073.445
25-10-12,18.8,72.8,302.81006,301.5269,5.11E-05,3.79E-06,100972.24
25-10-12,19.05,72.8,303.40613,301.58786,0,0,100971.54
26-10-12,18.8,72.8,302.60938,301.2599,1.91E-07,7.94E-09,100914.44
26-10-12,19.05,72.8,303.14484,301.29797,0,0,100914.59
27-10-12,18.8,72.8,303.06372,301.2879,6.39E-05,3.97E-06,100926.04
27-10-12,19.05,72.8,303.59296,301.28574,2.83E-09,1.87E-10,100931.195
28-10-12,18.8,72.8,303.85468,301.76996,0.000176732,8.54E-06,101036.29
28-10-12,19.05,72.8,304.2823,301.68246,7.75E-05,3.25E-06,101045.12
29-10-12,18.8,72.8,303.72693,301.63626,2.29E-06,3.30E-07,101026.65
29-10-12,19.05,72.8,304.26187,301.59064,9.15E-06,7.47E-07,101035.4
30-10-12,18.8,72.8,303.51068,301.23422,0,0,100938.1
30-10-12,19.05,72.8,304.11597,301.0151,0,0,100949
31-10-12,18.8,72.8,302.8982,300.5005,0,0,100857.53
31-10-12,19.05,72.8,303.23663,300.17487,0,0,100870.49
01-11-12,18.8,72.8,302.1084,300.48947,0,0,100755.93
01-11-12,19.05,72.8,302.41922,300.22495,0,0,100765.195
02-11-12,18.8,72.8,302.58765,300.96155,0,0,100699.27
02-11-12,19.05,72.8,303.1537,300.88354,0,0,100698.164
03-11-12,18.8,72.8,301.7293,300.82834,3.15E-06,3.54E-07,100798.44
03-11-12,19.05,72.8,301.98706,300.7125,7.63E-07,5.96E-08,100794.43
04-11-12,18.8,72.8,301.09674,300.21103,9.61E-05,9.28E-06,100900.94
04-11-12,19.05,72.8,301.51883,300.22043,0.000110041,1.47E-05,100898.9
05-11-12,18.8,72.8,301.45523,300.32208,0,0,100887.46
05-11-12,19.05,72.8,301.93103,300.3219,0,0,100883.63
06-11-12,18.8,72.8,301.6704,300.2649,0,0,100947.664
06-11-12,19.05,72.8,302.22644,300.27896,0,0,100948.12
07-11-12,18.8,72.8,302.15207,300.42105,0,0,101033.57
07-11-12,19.05,72.8,302.84622,300.2358,0,0,101034.35
08-11-12,18.8,72.8,301.23846,299.8675,0,0,100969.695
08-11-12,19.05,72.8,301.59396,299.64322,0,0,100967.65
09-11-12,18.8,72.8,301.0307,299.52316,0,0,101057.375
09-11-12,19.05,72.8,301.51074,299.3524,3.81E-07,3.97E-08,101056.04
10-11-12,18.8,72.8,301.40723,299.72137,0,0,101142.125
10-11-12,19.05,72.8,301.91135,299.59103,9.53E-08,3.97E-09,101141.5
11-11-12,18.8,72.8,301.28552,299.75366,0,0,101148.25
11-11-12,19.05,72.8,301.7843,299.68167,9.53E-08,7.94E-09,101146.04
12-11-12,18.8,72.8,300.8883,299.8636,0,0,101119.664
12-11-12,19.05,72.8,301.2458,299.81158,0,0,101115.75
13-11-12,18.8,72.8,301.0891,299.9735,1.72E-06,7.15E-08,101249.28
13-11-12,19.05,72.8,301.5796,299.88153,0,0,101249.4
14-11-12,18.8,72.8,302.35403,300.43417,1.43E-06,6.36E-08,101144.12
14-11-12,19.05,72.8,302.96625,300.36685,3.81E-07,3.18E-08,101144.82
15-11-12,18.8,72.8,302.72552,300.6779,0,0,101133.29
15-11-12,19.05,72.8,303.08243,300.48373,0,0,101136.664
16-11-12,18.8,72.8,302.34967,300.3441,0,0,101263.65
16-11-12,19.05,72.8,302.6499,299.96262,0,0,101272.93
17-11-12,18.8,72.8,301.58188,299.65182,0,0,101260.28
17-11-12,19.05,72.8,301.9698,299.21237,0,0,101270.23
18-11-12,18.8,72.8,301.49292,299.20264,0,0,101166.59
18-11-12,19.05,72.8,301.87988,298.80594,0,0,101175.375
19-11-12,18.8,72.8,301.71637,299.07596,0,0,101104.164
19-11-12,19.05,72.8,302.0752,298.66232,0,0,101112.53
20-11-12,18.8,72.8,302.4087,299.3903,0,0,101141.04
20-11-12,19.05,72.8,302.64896,298.8944,0,0,101150.84
21-11-12,18.8,72.8,302.21625,299.45227,0,0,101150.13
21-11-12,19.05,72.8,302.41003,298.96573,0,0,101156.03
22-11-12,18.8,72.8,302.04504,299.4868,0,0,101122.625
22-11-12,19.05,72.8,302.2917,299.0637,0,0,101130.375
23-11-12,18.8,72.8,301.79312,299.7632,0,0,101160.44
23-11-12,19.05,72.8,302.24515,299.31165,0,0,101167.81
24-11-12,18.8,72.8,301.67694,299.4863,0,0,101128.12
24-11-12,19.05,72.8,302.11304,299.09097,0,0,101135.625
25-11-12,18.8,72.8,301.71707,299.61777,0,0,101146.21
25-11-12,19.05,72.8,302.06787,299.20712,0,0,101152.97
26-11-12,18.8,72.8,301.3931,299.69803,0,0,101199.875
26-11-12,19.05,72.8,301.8265,299.29807,0,0,101204.18
27-11-12,18.8,72.8,301.3626,299.53064,0,0,101161.16
27-11-12,19.05,72.8,301.8711,299.2525,0,0,101163.73
28-11-12,18.8,72.8,301.11966,299.30893,0,0,101217.65
28-11-12,19.05,72.8,301.6537,298.97302,0,0,101219.16
29-11-12,18.8,72.8,301.10626,298.80444,0,0,101127.88
29-11-12,19.05,72.8,301.6078,298.38507,0,0,101131.74
30-11-12,18.8,72.8,301.53455,298.68802,0,0,101183.44
30-11-12,19.05,72.8,301.85678,298.3401,0,0,101187.85
01-12-12,18.8,72.8,300.82855,298.45276,0,0,101122.07
01-12-12,19.05,72.8,301.3611,298.19003,0,0,101124
02-12-12,18.8,72.8,300.23853,298.33475,0,0,101184.88
02-12-12,19.05,72.8,300.7484,298.136,0,0,101186.26
03-12-12,18.8,72.8,301.30194,299.16217,0,0,101146.32
03-12-12,19.05,72.8,301.9579,298.99902,0,0,101150.945
04-12-12,18.8,72.8,301.72687,299.44812,0,0,101084.54
04-12-12,19.05,72.8,302.28455,299.24005,0,0,101092.25
05-12-12,18.8,72.8,302.04126,300.10837,0,0,101030.086
05-12-12,19.05,72.8,302.60373,299.85867,0,0,101041.37
06-12-12,18.8,72.8,302.10568,300.56778,0,0,101132.51
06-12-12,19.05,72.8,302.33325,300.3278,0,0,101137.69
07-12-12,18.8,72.8,301.5552,300.18097,0,0,101170.164
07-12-12,19.05,72.8,302.06592,300.1711,0,0,101167.66
08-12-12,18.8,72.8,301.60962,299.9115,0,0,101141.93
08-12-12,19.05,72.8,302.11304,299.99716,0,0,101138.37
09-12-12,18.8,72.8,301.1413,299.67178,0,0,101100.19
09-12-12,19.05,72.8,301.89575,299.70816,0,0,101096.125
10-12-12,18.8,72.8,299.81308,298.54257,0,0,101097.4
10-12-12,19.05,72.8,300.20596,298.40164,0,0,101096.16
11-12-12,18.8,72.8,299.29285,297.7728,9.53E-08,3.97E-09,101188.01
11-12-12,19.05,72.8,299.71304,297.77182,3.82E-07,1.59E-08,101185.82
12-12-12,18.8,72.8,299.89435,297.75937,9.54E-07,1.07E-07,101180.336
12-12-12,19.05,72.8,300.42633,297.8076,1.62E-06,1.51E-07,101180.87
13-12-12,18.8,72.8,299.2072,297.69504,0,0,101248
13-12-12,19.05,72.8,299.71533,297.56754,0,0,101243.53
14-12-12,18.8,72.8,298.4923,296.86093,1.34E-06,1.19E-07,101406.805
14-12-12,19.05,72.8,299.06067,296.6903,1.53E-06,9.54E-08,101409.76
15-12-12,18.8,72.8,299.9461,297.62747,9.53E-08,3.97E-09,101441.79
15-12-12,19.05,72.8,300.63812,297.60373,3.82E-07,1.59E-08,101442.76
16-12-12,18.8,72.8,301.11035,298.6156,0,0,101461.51
16-12-12,19.05,72.8,301.84924,298.4841,0,0,101467.125
17-12-12,18.8,72.8,301.35434,299.24738,0,0,101416.6
17-12-12,19.05,72.8,301.82373,299.04575,0,0,101425.13
18-12-12,18.8,72.8,301.61816,299.26074,0,0,101418.87
18-12-12,19.05,72.8,302.1866,299.1425,0,0,101432
19-12-12,18.8,72.8,301.00934,298.61472,0,0,101297.28
19-12-12,19.05,72.8,301.29984,298.4164,0,0,101310.02
20-12-12,18.8,72.8,301.60043,298.7446,0,0,101055.87
20-12-12,19.05,72.8,301.76306,298.41943,0,0,101067.73
21-12-12,18.8,72.8,301.68478,298.70416,0,0,101029.65
21-12-12,19.05,72.8,302.20917,298.38718,0,0,101036.055
22-12-12,18.8,72.8,301.10406,298.9002,0,0,101128.625
22-12-12,19.05,72.8,301.8136,298.66013,0,0,101130.79
23-12-12,18.8,72.8,300.9466,298.66528,0,0,101139.96
23-12-12,19.05,72.8,301.5539,298.5184,0,0,101141.336
24-12-12,18.8,72.8,300.22235,298.3191,0,0,101112.27
24-12-12,19.05,72.8,300.73956,298.24496,9.53E-08,3.97E-09,101113.54
25-12-12,18.8,72.8,301.5964,298.95816,0,0,101039.25
25-12-12,19.05,72.8,301.75156,298.76727,0,0,101050.88
26-12-12,18.8,72.8,300.99002,298.6592,0,0,101028.93
26-12-12,19.05,72.8,301.11435,298.23782,0,0,101043.66
27-12-12,18.8,72.8,300.54083,297.79324,0,0,101026.72
27-12-12,19.05,72.8,301.22168,297.4437,0,0,101036.02
28-12-12,18.8,72.8,299.46985,297.37677,0,0,100945.305
28-12-12,19.05,72.8,300.0381,297.19867,0,0,100950.625
29-12-12,18.8,72.8,299.09662,297.33786,0,0,100951.18
29-12-12,19.05,72.8,299.56366,297.0441,0,0,100956.336
30-12-12,18.8,72.8,298.8669,297.4479,0,0,100974.24
30-12-12,19.05,72.8,299.362,297.15408,0,0,100975.96
31-12-12,18.8,72.8,299.0494,297.92477,0,0,100968.836
31-12-12,19.05,72.8,299.5325,297.6522,0,0,100966.31
