valid_time,latitude,longitude,t2m,number
2020-01-01,19.05,72.8,295.97708,0
2020-01-01,18.8,72.8,296.2935,0
2020-01-02,19.05,72.8,296.4684,0
2020-01-02,18.8,72.8,296.7277,0
2020-01-03,19.05,72.8,296.25482,0
2020-01-03,18.8,72.8,296.30576,0
2020-01-04,19.05,72.8,296.0474,0
2020-01-04,18.8,72.8,296.1717,0
2020-01-05,19.05,72.8,297.162,0
2020-01-05,18.8,72.8,297.3109,0
2020-01-06,19.05,72.8,298.17838,0
2020-01-06,18.8,72.8,298.3906,0
2020-01-07,19.05,72.8,298.1397,0
2020-01-07,18.8,72.8,298.29022,0
2020-01-08,19.05,72.8,297.4734,0
2020-01-08,18.8,72.8,297.56412,0
2020-01-09,19.05,72.8,296.5358,0
2020-01-09,18.8,72.8,296.59152,0
2020-01-10,19.05,72.8,297.44223,0
2020-01-10,18.8,72.8,297.60562,0
2020-01-11,19.05,72.8,298.42422,0
2020-01-11,18.8,72.8,298.57452,0
2020-01-12,19.05,72.8,298.3857,0
2020-01-12,18.8,72.8,298.41464,0
2020-01-13,19.05,72.8,297.49783,0
2020-01-13,18.8,72.8,297.6107,0
2020-01-14,19.05,72.8,296.7197,0
2020-01-14,18.8,72.8,296.77512,0
2020-01-15,19.05,72.8,295.6954,0
2020-01-15,18.8,72.8,295.84735,0
2020-01-16,19.05,72.8,294.66626,0
2020-01-16,18.8,72.8,294.86563,0
2020-01-17,19.05,72.8,293.90506,0
2020-01-17,18.8,72.8,294.12912,0
2020-01-18,19.05,72.8,295.29733,0
2020-01-18,18.8,72.8,295.45007,0
2020-01-19,19.05,72.8,296.6623,0
2020-01-19,18.8,72.8,296.79944,0
2020-01-20,19.05,72.8,297.5325,0
2020-01-20,18.8,72.8,297.6113,0
2020-01-21,19.05,72.8,297.23593,0
2020-01-21,18.8,72.8,297.4284,0
2020-01-22,19.05,72.8,297.7371,0
2020-01-22,18.8,72.8,297.8062,0
2020-01-23,19.05,72.8,298.44797,0
2020-01-23,18.8,72.8,298.40186,0
2020-01-24,19.05,72.8,298.50333,0
2020-01-24,18.8,72.8,298.4845,0
2020-01-25,19.05,72.8,298.2739,0
2020-01-25,18.8,72.8,298.31876,0
2020-01-26,19.05,72.8,297.9112,0
2020-01-26,18.8,72.8,297.9387,0
2020-01-27,19.05,72.8,297.43655,0
2020-01-27,18.8,72.8,297.55142,0
2020-01-28,19.05,72.8,296.62448,0
2020-01-28,18.8,72.8,296.68152,0
2020-01-29,19.05,72.8,295.81522,0
2020-01-29,18.8,72.8,295.8783,0
2020-01-30,19.05,72.8,295.4379,0
2020-01-30,18.8,72.8,295.40692,0
2020-01-31,19.05,72.8,295.77792,0
2020-01-31,18.8,72.8,295.82574,0
2020-02-01,19.05,72.8,296.40494,0
2020-02-01,18.8,72.8,296.35208,0
2020-02-02,19.05,72.8,296.81082,0
2020-02-02,18.8,72.8,296.7654,0
2020-02-03,19.05,72.8,296.3962,0
2020-02-03,18.8,72.8,296.374,0
2020-02-04,19.05,72.8,296.77048,0
2020-02-04,18.8,72.8,296.749,0
2020-02-05,19.05,72.8,296.96396,0
2020-02-05,18.8,72.8,297.03903,0
2020-02-06,19.05,72.8,296.66263,0
2020-02-06,18.8,72.8,296.71558,0
2020-02-07,19.05,72.8,296.04892,0
2020-02-07,18.8,72.8,296.1423,0
2020-02-08,19.05,72.8,296.58664,0
2020-02-08,18.8,72.8,296.47916,0
2020-02-09,19.05,72.8,297.60312,0
2020-02-09,18.8,72.8,297.57132,0
2020-02-10,19.05,72.8,298.20212,0
2020-02-10,18.8,72.8,298.32632,0
2020-02-11,19.05,72.8,299.26788,0
2020-02-11,18.8,72.8,299.20285,0
2020-02-12,19.05,72.8,299.74295,0
2020-02-12,18.8,72.8,299.5881,0
2020-02-13,19.05,72.8,299.8741,0
2020-02-13,18.8,72.8,299.5729,0
2020-02-14,19.05,72.8,299.7989,0
2020-02-14,18.8,72.8,299.62302,0
2020-02-15,19.05,72.8,298.65012,0
2020-02-15,18.8,72.8,298.60373,0
2020-02-16,19.05,72.8,298.33472,0
2020-02-16,18.8,72.8,298.2091,0
2020-02-17,19.05,72.8,298.86197,0
2020-02-17,18.8,72.8,298.67227,0
2020-02-18,19.05,72.8,299.85422,0
2020-02-18,18.8,72.8,299.71945,0
2020-02-19,19.05,72.8,299.48312,0
2020-02-19,18.8,72.8,299.34424,0
2020-02-20,19.05,72.8,298.90637,0
2020-02-20,18.8,72.8,298.83673,0
2020-02-21,19.05,72.8,298.6235,0
2020-02-21,18.8,72.8,298.59818,0
2020-02-22,19.05,72.8,298.94296,0
2020-02-22,18.8,72.8,298.8734,0
2020-02-23,19.05,72.8,299.32944,0
2020-02-23,18.8,72.8,299.24326,0
2020-02-24,19.05,72.8,299.0184,0
2020-02-24,18.8,72.8,298.9591,0
2020-02-25,19.05,72.8,299.77914,0
2020-02-25,18.8,72.8,299.58405,0
2020-02-26,19.05,72.8,299.5024,0
2020-02-26,18.8,72.8,299.497,0
2020-02-27,19.05,72.8,299.82443,0
2020-02-27,18.8,72.8,299.84686,0
2020-02-28,19.05,72.8,299.46576,0
2020-02-28,18.8,72.8,299.34497,0
2020-02-29,19.05,72.8,299.26654,0
2020-02-29,18.8,72.8,299.16623,0
2020-03-01,19.05,72.8,298.69998,0
2020-03-01,18.8,72.8,298.66183,0
2020-03-02,19.05,72.8,298.08102,0
2020-03-02,18.8,72.8,298.1598,0
2020-03-03,19.05,72.8,297.91043,0
2020-03-03,18.8,72.8,297.9001,0
2020-03-04,19.05,72.8,297.88144,0
2020-03-04,18.8,72.8,297.82028,0
2020-03-05,19.05,72.8,297.74557,0
2020-03-05,18.8,72.8,297.71533,0
2020-03-06,19.05,72.8,298.4283,0
2020-03-06,18.8,72.8,298.32516,0
2020-03-07,19.05,72.8,297.54935,0
2020-03-07,18.8,72.8,297.53952,0
2020-03-08,19.05,72.8,297.368,0
2020-03-08,18.8,72.8,297.19553,0
2020-03-09,19.05,72.8,297.88046,0
2020-03-09,18.8,72.8,297.8097,0
2020-03-10,19.05,72.8,298.1389,0
2020-03-10,18.8,72.8,298.083,0
2020-03-11,19.05,72.8,297.99692,0
2020-03-11,18.8,72.8,297.9059,0
2020-03-12,19.05,72.8,297.458,0
2020-03-12,18.8,72.8,297.45813,0
2020-03-13,19.05,72.8,297.14673,0
2020-03-13,18.8,72.8,297.05228,0
2020-03-14,19.05,72.8,298.36295,0
2020-03-14,18.8,72.8,298.31235,0
2020-03-15,19.05,72.8,299.4576,0
2020-03-15,18.8,72.8,299.3522,0
2020-03-16,19.05,72.8,299.99197,0
2020-03-16,18.8,72.8,299.80698,0
2020-03-17,19.05,72.8,300.32687,0
2020-03-17,18.8,72.8,300.11447,0
2020-03-18,19.05,72.8,300.49948,0
2020-03-18,18.8,72.8,300.37204,0
2020-03-19,19.05,72.8,299.6409,0
2020-03-19,18.8,72.8,299.622,0
2020-03-20,19.05,72.8,298.8322,0
2020-03-20,18.8,72.8,298.80148,0
2020-03-21,19.05,72.8,298.56918,0
2020-03-21,18.8,72.8,298.43082,0
2020-03-22,19.05,72.8,299.34702,0
2020-03-22,18.8,72.8,299.05273,0
2020-03-23,19.05,72.8,300.39212,0
2020-03-23,18.8,72.8,300.07486,0
2020-03-24,19.05,72.8,300.8468,0
2020-03-24,18.8,72.8,300.3885,0
2020-03-25,19.05,72.8,300.51016,0
2020-03-25,18.8,72.8,300.3575,0
2020-03-26,19.05,72.8,300.47437,0
2020-03-26,18.8,72.8,300.3524,0
2020-03-27,19.05,72.8,300.99954,0
2020-03-27,18.8,72.8,300.64645,0
2020-03-28,19.05,72.8,301.5227,0
2020-03-28,18.8,72.8,301.19757,0
2020-03-29,19.05,72.8,301.38705,0
2020-03-29,18.8,72.8,301.0352,0
2020-03-30,19.05,72.8,301.19077,0
2020-03-30,18.8,72.8,300.8599,0
2020-03-31,19.05,72.8,300.6429,0
2020-03-31,18.8,72.8,300.39612,0
2020-04-01,19.05,72.8,300.58844,0
2020-04-01,18.8,72.8,300.28842,0
2020-04-02,19.05,72.8,301.37802,0
2020-04-02,18.8,72.8,300.97507,0
2020-04-03,19.05,72.8,301.21542,0
2020-04-03,18.8,72.8,300.82016,0
2020-04-04,19.05,72.8,301.00906,0
2020-04-04,18.8,72.8,300.6835,0
2020-04-05,19.05,72.8,300.70828,0
2020-04-05,18.8,72.8,300.406,0
2020-04-06,19.05,72.8,300.39313,0
2020-04-06,18.8,72.8,300.18036,0
2020-04-07,19.05,72.8,300.2452,0
2020-04-07,18.8,72.8,300.05527,0
2020-04-08,19.05,72.8,300.18146,0
2020-04-08,18.8,72.8,299.92105,0
2020-04-09,19.05,72.8,300.26587,0
2020-04-09,18.8,72.8,299.9376,0
2020-04-10,19.05,72.8,300.86673,0
2020-04-10,18.8,72.8,300.42172,0
2020-04-11,19.05,72.8,301.37613,0
2020-04-11,18.8,72.8,300.90207,0
2020-04-12,19.05,72.8,301.416,0
2020-04-12,18.8,72.8,301.1542,0
2020-04-13,19.05,72.8,301.4959,0
2020-04-13,18.8,72.8,301.14307,0
2020-04-14,19.05,72.8,301.80005,0
2020-04-14,18.8,72.8,301.36926,0
2020-04-15,19.05,72.8,302.0294,0
2020-04-15,18.8,72.8,301.68546,0
2020-04-16,19.05,72.8,301.7822,0
2020-04-16,18.8,72.8,301.55548,0
2020-04-17,19.05,72.8,301.73853,0
2020-04-17,18.8,72.8,301.4106,0
2020-04-18,19.05,72.8,302.1174,0
2020-04-18,18.8,72.8,301.7247,0
2020-04-19,19.05,72.8,302.8063,0
2020-04-19,18.8,72.8,302.3192,0
2020-04-20,19.05,72.8,303.81656,0
2020-04-20,18.8,72.8,303.48636,0
2020-04-21,19.05,72.8,302.46484,0
2020-04-21,18.8,72.8,302.28174,0
2020-04-22,19.05,72.8,302.06277,0
2020-04-22,18.8,72.8,301.75812,0
2020-04-23,19.05,72.8,302.32465,0
2020-04-23,18.8,72.8,301.99808,0
2020-04-24,19.05,72.8,302.36993,0
2020-04-24,18.8,72.8,302.07904,0
2020-04-25,19.05,72.8,302.196,0
2020-04-25,18.8,72.8,301.91913,0
2020-04-26,19.05,72.8,301.5991,0
2020-04-26,18.8,72.8,301.35458,0
2020-04-27,19.05,72.8,301.91147,0
2020-04-27,18.8,72.8,301.61035,0
2020-04-28,19.05,72.8,302.29803,0
2020-04-28,18.8,72.8,301.91162,0
2020-04-29,19.05,72.8,302.62704,0
2020-04-29,18.8,72.8,302.368,0
2020-04-30,19.05,72.8,302.2085,0
2020-04-30,18.8,72.8,301.99966,0
2020-05-01,19.05,72.8,302.114,0
2020-05-01,18.8,72.8,301.86636,0
2020-05-02,19.05,72.8,302.15286,0
2020-05-02,18.8,72.8,301.8987,0
2020-05-03,19.05,72.8,302.36404,0
2020-05-03,18.8,72.8,302.10245,0
2020-05-04,19.05,72.8,302.15866,0
2020-05-04,18.8,72.8,301.88065,0
2020-05-05,19.05,72.8,302.55743,0
2020-05-05,18.8,72.8,302.16537,0
2020-05-06,19.05,72.8,302.72214,0
2020-05-06,18.8,72.8,302.37515,0
2020-05-07,19.05,72.8,302.2483,0
2020-05-07,18.8,72.8,302.0309,0
2020-05-08,19.05,72.8,301.96957,0
2020-05-08,18.8,72.8,301.7181,0
2020-05-09,19.05,72.8,302.12173,0
2020-05-09,18.8,72.8,301.83786,0
2020-05-10,19.05,72.8,302.14667,0
2020-05-10,18.8,72.8,301.85507,0
2020-05-11,19.05,72.8,302.27603,0
2020-05-11,18.8,72.8,302.03342,0
2020-05-12,19.05,72.8,302.01187,0
2020-05-12,18.8,72.8,301.77988,0
2020-05-13,19.05,72.8,302.38272,0
2020-05-13,18.8,72.8,302.11566,0
2020-05-14,19.05,72.8,302.4987,0
2020-05-14,18.8,72.8,302.2016,0
2020-05-15,19.05,72.8,302.7336,0
2020-05-15,18.8,72.8,302.41495,0
2020-05-16,19.05,72.8,302.87186,0
2020-05-16,18.8,72.8,302.5118,0
2020-05-17,19.05,72.8,302.72693,0
2020-05-17,18.8,72.8,302.41135,0
2020-05-18,19.05,72.8,302.95462,0
2020-05-18,18.8,72.8,302.59302,0
2020-05-19,19.05,72.8,302.46744,0
2020-05-19,18.8,72.8,302.18103,0
2020-05-20,19.05,72.8,302.46497,0
2020-05-20,18.8,72.8,302.10547,0
2020-05-21,19.05,72.8,302.6288,0
2020-05-21,18.8,72.8,302.2856,0
2020-05-22,19.05,72.8,302.60898,0
2020-05-22,18.8,72.8,302.27707,0
2020-05-23,19.05,72.8,302.55606,0
2020-05-23,18.8,72.8,302.16306,0
2020-05-24,19.05,72.8,302.68918,0
2020-05-24,18.8,72.8,302.31503,0
2020-05-25,19.05,72.8,302.71716,0
2020-05-25,18.8,72.8,302.34274,0
2020-05-26,19.05,72.8,302.74652,0
2020-05-26,18.8,72.8,302.46075,0
2020-05-27,19.05,72.8,302.7286,0
2020-05-27,18.8,72.8,302.37094,0
2020-05-28,19.05,72.8,303.01404,0
2020-05-28,18.8,72.8,302.69147,0
2020-05-29,19.05,72.8,303.34885,0
2020-05-29,18.8,72.8,303.04065,0
2020-05-30,19.05,72.8,303.34808,0
2020-05-30,18.8,72.8,302.98602,0
2020-05-31,19.05,72.8,303.50113,0
2020-05-31,18.8,72.8,303.1433,0
2020-06-01,19.05,72.8,302.1184,0
2020-06-01,18.8,72.8,301.85815,0
2020-06-02,19.05,72.8,301.76712,0
2020-06-02,18.8,72.8,301.68314,0
2020-06-03,19.05,72.8,301.1922,0
2020-06-03,18.8,72.8,301.37643,0
2020-06-04,19.05,72.8,301.16312,0
2020-06-04,18.8,72.8,301.06738,0
2020-06-05,19.05,72.8,300.71457,0
2020-06-05,18.8,72.8,300.62717,0
2020-06-06,19.05,72.8,300.66272,0
2020-06-06,18.8,72.8,300.51926,0
2020-06-07,19.05,72.8,300.6876,0
2020-06-07,18.8,72.8,300.55423,0
2020-06-08,19.05,72.8,300.3329,0
2020-06-08,18.8,72.8,300.22333,0
2020-06-09,19.05,72.8,300.7945,0
2020-06-09,18.8,72.8,300.60013,0
2020-06-10,19.05,72.8,300.89902,0
2020-06-10,18.8,72.8,300.66608,0
2020-06-11,19.05,72.8,300.98373,0
2020-06-11,18.8,72.8,300.69815,0
2020-06-12,19.05,72.8,301.00226,0
2020-06-12,18.8,72.8,300.73642,0
2020-06-13,19.05,72.8,300.74005,0
2020-06-13,18.8,72.8,300.5361,0
2020-06-14,19.05,72.8,300.98227,0
2020-06-14,18.8,72.8,300.7877,0
2020-06-15,19.05,72.8,301.01816,0
2020-06-15,18.8,72.8,300.79376,0
2020-06-16,19.05,72.8,301.03647,0
2020-06-16,18.8,72.8,300.6757,0
2020-06-17,19.05,72.8,300.79147,0
2020-06-17,18.8,72.8,300.5349,0
2020-06-18,19.05,72.8,300.6503,0
2020-06-18,18.8,72.8,300.39017,0
2020-06-19,19.05,72.8,300.93576,0
2020-06-19,18.8,72.8,300.68137,0
2020-06-20,19.05,72.8,301.05496,0
2020-06-20,18.8,72.8,300.82004,0
2020-06-21,19.05,72.8,300.48672,0
2020-06-21,18.8,72.8,300.2843,0
2020-06-22,19.05,72.8,300.93552,0
2020-06-22,18.8,72.8,300.73636,0
2020-06-23,19.05,72.8,300.901,0
2020-06-23,18.8,72.8,300.6232,0
2020-06-24,19.05,72.8,301.24765,0
2020-06-24,18.8,72.8,301.03403,0
2020-06-25,19.05,72.8,301.6733,0
2020-06-25,18.8,72.8,301.4852,0
2020-06-26,19.05,72.8,301.86917,0
2020-06-26,18.8,72.8,301.65506,0
2020-06-27,19.05,72.8,301.64862,0
2020-06-27,18.8,72.8,301.3621,0
2020-06-28,19.05,72.8,301.25015,0
2020-06-28,18.8,72.8,300.98193,0
2020-06-29,19.05,72.8,300.80612,0
2020-06-29,18.8,72.8,300.56064,0
2020-06-30,19.05,72.8,300.67926,0
2020-06-30,18.8,72.8,300.4,0
2020-07-01,19.05,72.8,300.88876,0
2020-07-01,18.8,72.8,300.59262,0
2020-07-02,19.05,72.8,300.72455,0
2020-07-02,18.8,72.8,300.43582,0
2020-07-03,19.05,72.8,300.68262,0
2020-07-03,18.8,72.8,300.43167,0
2020-07-04,19.05,72.8,300.72855,0
2020-07-04,18.8,72.8,300.6207,0
2020-07-05,19.05,72.8,300.80066,0
2020-07-05,18.8,72.8,300.6656,0
2020-07-06,19.05,72.8,300.64984,0
2020-07-06,18.8,72.8,300.50653,0
2020-07-07,19.05,72.8,300.75583,0
2020-07-07,18.8,72.8,300.58517,0
2020-07-08,19.05,72.8,300.42947,0
2020-07-08,18.8,72.8,300.21262,0
2020-07-09,19.05,72.8,300.20975,0
2020-07-09,18.8,72.8,299.9949,0
2020-07-10,19.05,72.8,300.2637,0
2020-07-10,18.8,72.8,300.00394,0
2020-07-11,19.05,72.8,300.1302,0
2020-07-11,18.8,72.8,299.94162,0
2020-07-12,19.05,72.8,300.17426,0
2020-07-12,18.8,72.8,299.97366,0
2020-07-13,19.05,72.8,300.216,0
2020-07-13,18.8,72.8,299.9795,0
2020-07-14,19.05,72.8,300.21713,0
2020-07-14,18.8,72.8,300.0002,0
2020-07-15,19.05,72.8,300.17233,0
2020-07-15,18.8,72.8,299.9428,0
2020-07-16,19.05,72.8,300.10043,0
2020-07-16,18.8,72.8,299.90665,0
2020-07-17,19.05,72.8,300.37332,0
2020-07-17,18.8,72.8,300.17163,0
2020-07-18,19.05,72.8,300.38412,0
2020-07-18,18.8,72.8,300.18225,0
2020-07-19,19.05,72.8,300.63297,0
2020-07-19,18.8,72.8,300.36682,0
2020-07-20,19.05,72.8,301.1356,0
2020-07-20,18.8,72.8,300.81732,0
2020-07-21,19.05,72.8,300.795,0
2020-07-21,18.8,72.8,300.5477,0
2020-07-22,19.05,72.8,300.94833,0
2020-07-22,18.8,72.8,300.7347,0
2020-07-23,19.05,72.8,300.8123,0
2020-07-23,18.8,72.8,300.57468,0
2020-07-24,19.05,72.8,300.34515,0
2020-07-24,18.8,72.8,300.23727,0
2020-07-25,19.05,72.8,300.36557,0
2020-07-25,18.8,72.8,300.25708,0
2020-07-26,19.05,72.8,300.47452,0
2020-07-26,18.8,72.8,300.2902,0
2020-07-27,19.05,72.8,300.82462,0
2020-07-27,18.8,72.8,300.60794,0
2020-07-28,19.05,72.8,300.4957,0
2020-07-28,18.8,72.8,300.2906,0
2020-07-29,19.05,72.8,300.2499,0
2020-07-29,18.8,72.8,300.03955,0
2020-07-30,19.05,72.8,300.21295,0
2020-07-30,18.8,72.8,299.95972,0
2020-07-31,19.05,72.8,300.5493,0
2020-07-31,18.8,72.8,300.3062,0
2020-08-01,19.05,72.8,300.67572,0
2020-08-01,18.8,72.8,300.43918,0
2020-08-02,19.05,72.8,300.81616,0
2020-08-02,18.8,72.8,300.55295,0
2020-08-03,19.05,72.8,300.40417,0
2020-08-03,18.8,72.8,300.1619,0
2020-08-04,19.05,72.8,300.38858,0
2020-08-04,18.8,72.8,300.3284,0
2020-08-05,19.05,72.8,300.3972,0
2020-08-05,18.8,72.8,300.43747,0
2020-08-06,19.05,72.8,300.85434,0
2020-08-06,18.8,72.8,300.82404,0
2020-08-07,19.05,72.8,300.579,0
2020-08-07,18.8,72.8,300.4117,0
2020-08-08,19.05,72.8,300.63272,0
2020-08-08,18.8,72.8,300.42282,0
2020-08-09,19.05,72.8,300.61044,0
2020-08-09,18.8,72.8,300.36758,0
2020-08-10,19.05,72.8,299.7063,0
2020-08-10,18.8,72.8,299.44858,0
2020-08-11,19.05,72.8,299.9675,0
2020-08-11,18.8,72.8,299.85605,0
2020-08-12,19.05,72.8,300.2836,0
2020-08-12,18.8,72.8,300.1807,0
2020-08-13,19.05,72.8,300.11465,0
2020-08-13,18.8,72.8,299.95712,0
2020-08-14,19.05,72.8,299.50406,0
2020-08-14,18.8,72.8,299.43954,0
2020-08-15,19.05,72.8,299.59836,0
2020-08-15,18.8,72.8,299.47894,0
2020-08-16,19.05,72.8,299.8153,0
2020-08-16,18.8,72.8,299.70328,0
2020-08-17,19.05,72.8,299.787,0
2020-08-17,18.8,72.8,299.68558,0
2020-08-18,19.05,72.8,299.61032,0
2020-08-18,18.8,72.8,299.43246,0
2020-08-19,19.05,72.8,299.83792,0
2020-08-19,18.8,72.8,299.69098,0
2020-08-20,19.05,72.8,299.6441,0
2020-08-20,18.8,72.8,299.54355,0
2020-08-21,19.05,72.8,299.68185,0
2020-08-21,18.8,72.8,299.59503,0
2020-08-22,19.05,72.8,299.85776,0
2020-08-22,18.8,72.8,299.7124,0
2020-08-23,19.05,72.8,299.70673,0
2020-08-23,18.8,72.8,299.55374,0
2020-08-24,19.05,72.8,299.71198,0
2020-08-24,18.8,72.8,299.57187,0
2020-08-25,19.05,72.8,300.13193,0
2020-08-25,18.8,72.8,300.0022,0
2020-08-26,19.05,72.8,300.55362,0
2020-08-26,18.8,72.8,300.40103,0
2020-08-27,19.05,72.8,299.6643,0
2020-08-27,18.8,72.8,299.57758,0
2020-08-28,19.05,72.8,299.41348,0
2020-08-28,18.8,72.8,299.25113,0
2020-08-29,19.05,72.8,299.52115,0
2020-08-29,18.8,72.8,299.3702,0
2020-08-30,19.05,72.8,299.2822,0
2020-08-30,18.8,72.8,299.19925,0
2020-08-31,19.05,72.8,299.4352,0
2020-08-31,18.8,72.8,299.31454,0
2020-09-01,19.05,72.8,299.69815,0
2020-09-01,18.8,72.8,299.5012,0
2020-09-02,19.05,72.8,300.30878,0
2020-09-02,18.8,72.8,300.10434,0
2020-09-03,19.05,72.8,301.00845,0
2020-09-03,18.8,72.8,300.75247,0
2020-09-04,19.05,72.8,301.4035,0
2020-09-04,18.8,72.8,301.13843,0
2020-09-05,19.05,72.8,301.15585,0
2020-09-05,18.8,72.8,300.95312,0
2020-09-06,19.05,72.8,301.29608,0
2020-09-06,18.8,72.8,300.95193,0
2020-09-07,19.05,72.8,301.23047,0
2020-09-07,18.8,72.8,300.92023,0
2020-09-08,19.05,72.8,301.121,0
2020-09-08,18.8,72.8,300.76962,0
2020-09-09,19.05,72.8,301.5049,0
2020-09-09,18.8,72.8,301.14713,0
2020-09-10,19.05,72.8,300.87643,0
2020-09-10,18.8,72.8,300.60666,0
2020-09-11,19.05,72.8,300.67432,0
2020-09-11,18.8,72.8,300.39517,0
2020-09-12,19.05,72.8,300.50485,0
2020-09-12,18.8,72.8,300.21683,0
2020-09-13,19.05,72.8,300.80142,0
2020-09-13,18.8,72.8,300.44797,0
2020-09-14,19.05,72.8,299.88107,0
2020-09-14,18.8,72.8,299.68253,0
2020-09-15,19.05,72.8,300.1356,0
2020-09-15,18.8,72.8,299.92343,0
2020-09-16,19.05,72.8,300.28522,0
2020-09-16,18.8,72.8,299.99484,0
2020-09-17,19.05,72.8,300.1628,0
2020-09-17,18.8,72.8,299.97208,0
2020-09-18,19.05,72.8,300.3617,0
2020-09-18,18.8,72.8,300.2382,0
2020-09-19,19.05,72.8,300.58475,0
2020-09-19,18.8,72.8,300.3502,0
2020-09-20,19.05,72.8,300.63577,0
2020-09-20,18.8,72.8,300.4459,0
2020-09-21,19.05,72.8,300.89377,0
2020-09-21,18.8,72.8,300.72836,0
2020-09-22,19.05,72.8,300.1441,0
2020-09-22,18.8,72.8,300.03085,0
2020-09-23,19.05,72.8,299.9382,0
2020-09-23,18.8,72.8,299.96182,0
2020-09-24,19.05,72.8,300.59073,0
2020-09-24,18.8,72.8,300.45145,0
2020-09-25,19.05,72.8,300.87198,0
2020-09-25,18.8,72.8,300.78323,0
2020-09-26,19.05,72.8,300.98288,0
2020-09-26,18.8,72.8,300.76056,0
2020-09-27,19.05,72.8,300.13672,0
2020-09-27,18.8,72.8,299.8265,0
2020-09-28,19.05,72.8,299.97684,0
2020-09-28,18.8,72.8,299.76047,0
2020-09-29,19.05,72.8,300.28412,0
2020-09-29,18.8,72.8,300.13223,0
2020-09-30,19.05,72.8,300.37875,0
2020-09-30,18.8,72.8,300.1281,0
2020-10-01,19.05,72.8,300.63986,0
2020-10-01,18.8,72.8,300.40363,0
2020-10-02,19.05,72.8,301.11365,0
2020-10-02,18.8,72.8,300.9966,0
2020-10-03,19.05,72.8,301.1505,0
2020-10-03,18.8,72.8,300.84177,0
2020-10-04,19.05,72.8,300.32874,0
2020-10-04,18.8,72.8,299.9941,0
2020-10-05,19.05,72.8,300.46643,0
2020-10-05,18.8,72.8,300.15714,0
2020-10-06,19.05,72.8,300.9996,0
2020-10-06,18.8,72.8,300.78143,0
2020-10-07,19.05,72.8,301.54398,0
2020-10-07,18.8,72.8,301.23422,0
2020-10-08,19.05,72.8,302.12296,0
2020-10-08,18.8,72.8,301.8857,0
2020-10-09,19.05,72.8,302.34323,0
2020-10-09,18.8,72.8,302.11914,0
2020-10-10,19.05,72.8,301.9552,0
2020-10-10,18.8,72.8,301.72116,0
2020-10-11,19.05,72.8,301.27402,0
2020-10-11,18.8,72.8,300.9973,0
2020-10-12,19.05,72.8,300.61453,0
2020-10-12,18.8,72.8,300.31534,0
2020-10-13,19.05,72.8,301.48914,0
2020-10-13,18.8,72.8,301.32587,0
2020-10-14,19.05,72.8,301.33023,0
2020-10-14,18.8,72.8,301.2313,0
2020-10-15,19.05,72.8,301.475,0
2020-10-15,18.8,72.8,301.15762,0
2020-10-16,19.05,72.8,301.80072,0
2020-10-16,18.8,72.8,301.39218,0
2020-10-17,19.05,72.8,301.2713,0
2020-10-17,18.8,72.8,300.9789,0
2020-10-18,19.05,72.8,300.88165,0
2020-10-18,18.8,72.8,300.63757,0
2020-10-19,19.05,72.8,300.98434,0
2020-10-19,18.8,72.8,300.647,0
2020-10-20,19.05,72.8,300.99155,0
2020-10-20,18.8,72.8,300.75494,0
2020-10-21,19.05,72.8,300.84512,0
2020-10-21,18.8,72.8,300.56335,0
2020-10-22,19.05,72.8,300.67636,0
2020-10-22,18.8,72.8,300.414,0
2020-10-23,19.05,72.8,300.50278,0
2020-10-23,18.8,72.8,300.2317,0
2020-10-24,19.05,72.8,300.5629,0
2020-10-24,18.8,72.8,300.3597,0
2020-10-25,19.05,72.8,300.41196,0
2020-10-25,18.8,72.8,300.00925,0
2020-10-26,19.05,72.8,301.16748,0
2020-10-26,18.8,72.8,300.7656,0
2020-10-27,19.05,72.8,301.87637,0
2020-10-27,18.8,72.8,301.82736,0
2020-10-28,19.05,72.8,301.6246,0
2020-10-28,18.8,72.8,301.53928,0
2020-10-29,19.05,72.8,300.82516,0
2020-10-29,18.8,72.8,300.89966,0
2020-10-30,19.05,72.8,301.156,0
2020-10-30,18.8,72.8,301.20297,0
2020-10-31,19.05,72.8,301.503,0
2020-10-31,18.8,72.8,301.52228,0
2020-11-01,19.05,72.8,301.30896,0
2020-11-01,18.8,72.8,301.3673,0
2020-11-02,19.05,72.8,301.30307,0
2020-11-02,18.8,72.8,301.22348,0
2020-11-03,19.05,72.8,301.6921,0
2020-11-03,18.8,72.8,301.63248,0
2020-11-04,19.05,72.8,301.61786,0
2020-11-04,18.8,72.8,301.5754,0
2020-11-05,19.05,72.8,301.34378,0
2020-11-05,18.8,72.8,301.31467,0
2020-11-06,19.05,72.8,301.14252,0
2020-11-06,18.8,72.8,301.08044,0
2020-11-07,19.05,72.8,300.50134,0
2020-11-07,18.8,72.8,300.5967,0
2020-11-08,19.05,72.8,300.8954,0
2020-11-08,18.8,72.8,300.9921,0
2020-11-09,19.05,72.8,300.78784,0
2020-11-09,18.8,72.8,300.8265,0
2020-11-10,19.05,72.8,300.26953,0
2020-11-10,18.8,72.8,300.33035,0
2020-11-11,19.05,72.8,299.61972,0
2020-11-11,18.8,72.8,299.77365,0
2020-11-12,19.05,72.8,299.2237,0
2020-11-12,18.8,72.8,299.39926,0
2020-11-13,19.05,72.8,299.9721,0
2020-11-13,18.8,72.8,300.02982,0
2020-11-14,19.05,72.8,300.89066,0
2020-11-14,18.8,72.8,300.83752,0
2020-11-15,19.05,72.8,300.97018,0
2020-11-15,18.8,72.8,300.86658,0
2020-11-16,19.05,72.8,301.15674,0
2020-11-16,18.8,72.8,301.0775,0
2020-11-17,19.05,72.8,301.24625,0
2020-11-17,18.8,72.8,301.20282,0
2020-11-18,19.05,72.8,300.91318,0
2020-11-18,18.8,72.8,300.80582,0
2020-11-19,19.05,72.8,300.7856,0
2020-11-19,18.8,72.8,300.74405,0
2020-11-20,19.05,72.8,300.52087,0
2020-11-20,18.8,72.8,300.50452,0
2020-11-21,19.05,72.8,300.05142,0
2020-11-21,18.8,72.8,300.1061,0
2020-11-22,19.05,72.8,299.67276,0
2020-11-22,18.8,72.8,299.72232,0
2020-11-23,19.05,72.8,299.28333,0
2020-11-23,18.8,72.8,299.4454,0
2020-11-24,19.05,72.8,299.57678,0
2020-11-24,18.8,72.8,299.67502,0
2020-11-25,19.05,72.8,299.92233,0
2020-11-25,18.8,72.8,299.72617,0
2020-11-26,19.05,72.8,299.81564,0
2020-11-26,18.8,72.8,299.76993,0
2020-11-27,19.05,72.8,300.2853,0
2020-11-27,18.8,72.8,300.3768,0
2020-11-28,19.05,72.8,299.78665,0
2020-11-28,18.8,72.8,299.74362,0
2020-11-29,19.05,72.8,300.38998,0
2020-11-29,18.8,72.8,300.29257,0
2020-11-30,19.05,72.8,300.0552,0
2020-11-30,18.8,72.8,299.94592,0
2020-12-01,19.05,72.8,300.69608,0
2020-12-01,18.8,72.8,300.62527,0
2020-12-02,19.05,72.8,300.61374,0
2020-12-02,18.8,72.8,300.5858,0
2020-12-03,19.05,72.8,300.03867,0
2020-12-03,18.8,72.8,300.1291,0
2020-12-04,19.05,72.8,299.83005,0
2020-12-04,18.8,72.8,299.84186,0
2020-12-05,19.05,72.8,299.77383,0
2020-12-05,18.8,72.8,299.84396,0
2020-12-06,19.05,72.8,299.6237,0
2020-12-06,18.8,72.8,299.84067,0
2020-12-07,19.05,72.8,299.5956,0
2020-12-07,18.8,72.8,299.8577,0
2020-12-08,19.05,72.8,299.35855,0
2020-12-08,18.8,72.8,299.54733,0
2020-12-09,19.05,72.8,299.86578,0
2020-12-09,18.8,72.8,300.0698,0
2020-12-10,19.05,72.8,300.13623,0
2020-12-10,18.8,72.8,300.12344,0
2020-12-11,19.05,72.8,299.07617,0
2020-12-11,18.8,72.8,299.20032,0
2020-12-12,19.05,72.8,298.70667,0
2020-12-12,18.8,72.8,298.8697,0
2020-12-13,19.05,72.8,298.34543,0
2020-12-13,18.8,72.8,298.5648,0
2020-12-14,19.05,72.8,298.10254,0
2020-12-14,18.8,72.8,298.2825,0
2020-12-15,19.05,72.8,298.35196,0
2020-12-15,18.8,72.8,298.4471,0
2020-12-16,19.05,72.8,298.41705,0
2020-12-16,18.8,72.8,298.56738,0
2020-12-17,19.05,72.8,298.83347,0
2020-12-17,18.8,72.8,298.96942,0
2020-12-18,19.05,72.8,298.84854,0
2020-12-18,18.8,72.8,298.99734,0
2020-12-19,19.05,72.8,299.1509,0
2020-12-19,18.8,72.8,299.29013,0
2020-12-20,19.05,72.8,298.79526,0
2020-12-20,18.8,72.8,298.97607,0
2020-12-21,19.05,72.8,298.42667,0
2020-12-21,18.8,72.8,298.5897,0
2020-12-22,19.05,72.8,298.05423,0
2020-12-22,18.8,72.8,298.2465,0
2020-12-23,19.05,72.8,297.7955,0
2020-12-23,18.8,72.8,297.93784,0
2020-12-24,19.05,72.8,297.85495,0
2020-12-24,18.8,72.8,298.04553,0
2020-12-25,19.05,72.8,298.6004,0
2020-12-25,18.8,72.8,298.72855,0
2020-12-26,19.05,72.8,298.90417,0
2020-12-26,18.8,72.8,299.02084,0
2020-12-27,19.05,72.8,298.83585,0
2020-12-27,18.8,72.8,298.95096,0
2020-12-28,19.05,72.8,297.15756,0
2020-12-28,18.8,72.8,297.36942,0
2020-12-29,19.05,72.8,296.4491,0
2020-12-29,18.8,72.8,296.69043,0
2020-12-30,19.05,72.8,296.84286,0
2020-12-30,18.8,72.8,297.07205,0
2020-12-31,19.05,72.8,298.11102,0
2020-12-31,18.8,72.8,298.3978,0
