valid_time,latitude,longitude,max_temperature,mean_temperature
2014-01-01,18.8,72.8,299.6965,297.3221
2014-01-01,19.05,72.8,300.13162,297.1425
2014-01-02,18.8,72.8,300.5122,298.24167
2014-01-02,19.05,72.8,300.719,298.03494
2014-01-03,18.8,72.8,300.37833,298.1536
2014-01-03,19.05,72.8,300.77817,298.035
2014-01-04,18.8,72.8,298.79147,297.31497
2014-01-04,19.05,72.8,299.30542,297.26254
2014-01-05,18.8,72.8,298.6636,296.8597
2014-01-05,19.05,72.8,299.04678,296.69284
2014-01-06,18.8,72.8,299.22803,296.49216
2014-01-06,19.05,72.8,299.60434,296.21878
2014-01-07,18.8,72.8,300.3295,297.3658
2014-01-07,19.05,72.8,300.83105,297.02518
2014-01-08,18.8,72.8,299.13126,297.53076
2014-01-08,19.05,72.8,299.67355,297.3517
2014-01-09,18.8,72.8,298.30475,296.6505
2014-01-09,19.05,72.8,298.74847,296.5227
2014-01-10,18.8,72.8,297.72284,296.02753
2014-01-10,19.05,72.8,298.19055,295.79227
2014-01-11,18.8,72.8,296.96722,294.72458
2014-01-11,19.05,72.8,297.29077,294.4877
2014-01-12,18.8,72.8,297.77203,295.63498
2014-01-12,19.05,72.8,298.20435,295.29617
2014-01-13,18.8,72.8,298.03546,296.1618
2014-01-13,19.05,72.8,298.54285,295.92596
2014-01-14,18.8,72.8,297.8487,296.34
2014-01-14,19.05,72.8,298.39185,296.20602
2014-01-15,18.8,72.8,298.7774,296.70084
2014-01-15,19.05,72.8,299.2252,296.56808
2014-01-16,18.8,72.8,298.35492,296.34238
2014-01-16,19.05,72.8,298.88654,296.06458
2014-01-17,18.8,72.8,297.02716,295.78766
2014-01-17,19.05,72.8,297.15588,295.45224
2014-01-18,18.8,72.8,297.98273,295.56372
2014-01-18,19.05,72.8,298.38577,295.42935
2014-01-19,18.8,72.8,298.2102,296.20767
2014-01-19,19.05,72.8,298.68137,295.86
2014-01-20,18.8,72.8,298.13626,296.5098
2014-01-20,19.05,72.8,298.38065,296.31052
2014-01-21,18.8,72.8,297.91418,296.98032
2014-01-21,19.05,72.8,298.1103,296.80933
2014-01-22,18.8,72.8,298.55875,296.9717
2014-01-22,19.05,72.8,298.9898,296.9128
2014-01-23,18.8,72.8,298.4305,296.9626
2014-01-23,19.05,72.8,299.01282,296.96622
2014-01-24,18.8,72.8,298.23895,296.9808
2014-01-24,19.05,72.8,298.80313,297.0071
2014-01-25,18.8,72.8,299.97876,297.44827
2014-01-25,19.05,72.8,300.625,297.50778
2014-01-26,18.8,72.8,301.6678,298.3991
2014-01-26,19.05,72.8,302.54236,298.39697
2014-01-27,18.8,72.8,302.08325,298.99893
2014-01-27,19.05,72.8,302.108,298.9653
2014-01-28,18.8,72.8,300.55368,298.2769
2014-01-28,19.05,72.8,300.75348,298.18185
2014-01-29,18.8,72.8,300.03772,297.6897
2014-01-29,19.05,72.8,300.8434,297.6503
2014-01-30,18.8,72.8,300.66644,298.12775
2014-01-30,19.05,72.8,301.49368,298.00272
2014-01-31,18.8,72.8,301.4142,298.4465
2014-01-31,19.05,72.8,302.03986,298.38797
2014-02-01,18.8,72.8,300.94864,298.57162
2014-02-01,19.05,72.8,301.31915,298.58856
2014-02-02,18.8,72.8,301.0441,298.5984
2014-02-02,19.05,72.8,301.42484,298.5774
2014-02-03,18.8,72.8,300.34027,298.51657
2014-02-03,19.05,72.8,301.24487,298.513
2014-02-04,18.8,72.8,300.39697,298.53604
2014-02-04,19.05,72.8,300.96484,298.56784
2014-02-05,18.8,72.8,300.1599,298.40665
2014-02-05,19.05,72.8,300.92603,298.474
2014-02-06,18.8,72.8,299.31268,297.86148
2014-02-06,19.05,72.8,300.13693,297.99826
2014-02-07,18.8,72.8,299.37375,297.21338
2014-02-07,19.05,72.8,300.07977,297.22638
2014-02-08,18.8,72.8,298.75336,297.0096
2014-02-08,19.05,72.8,299.2781,296.99063
2014-02-09,18.8,72.8,298.51828,296.34912
2014-02-09,19.05,72.8,299.00507,296.31125
2014-02-10,18.8,72.8,298.2432,296.22623
2014-02-10,19.05,72.8,298.80304,296.19415
2014-02-11,18.8,72.8,297.18048,295.84402
2014-02-11,19.05,72.8,297.6563,295.78662
2014-02-12,18.8,72.8,297.3325,295.84433
2014-02-12,19.05,72.8,297.69492,295.7772
2014-02-13,18.8,72.8,298.1007,296.80185
2014-02-13,19.05,72.8,298.22964,296.666
2014-02-14,18.8,72.8,297.19403,296.38724
2014-02-14,19.05,72.8,297.56854,296.20828
2014-02-15,18.8,72.8,296.6333,295.43826
2014-02-15,19.05,72.8,296.53958,295.21954
2014-02-16,18.8,72.8,296.82562,295.42563
2014-02-16,19.05,72.8,297.2685,295.44604
2014-02-17,18.8,72.8,299.86432,296.87405
2014-02-17,19.05,72.8,300.12268,296.81143
2014-02-18,18.8,72.8,301.60754,297.81918
2014-02-18,19.05,72.8,302.30627,297.75174
2014-02-19,18.8,72.8,299.9009,298.0191
2014-02-19,19.05,72.8,300.6683,298.04523
2014-02-20,18.8,72.8,298.963,297.83145
2014-02-20,19.05,72.8,299.46368,297.75516
2014-02-21,18.8,72.8,298.20923,297.4085
2014-02-21,19.05,72.8,298.56137,297.3407
2014-02-22,18.8,72.8,297.4632,296.63123
2014-02-22,19.05,72.8,297.95035,296.7105
2014-02-23,18.8,72.8,298.50064,297.12845
2014-02-23,19.05,72.8,299.30527,297.29684
2014-02-24,18.8,72.8,299.6482,298.12073
2014-02-24,19.05,72.8,300.36066,298.23727
2014-02-25,18.8,72.8,299.6899,298.29004
2014-02-25,19.05,72.8,300.15393,298.3782
2014-02-26,18.8,72.8,299.06403,297.8964
2014-02-26,19.05,72.8,299.4082,297.9295
2014-02-27,18.8,72.8,298.96384,298.09305
2014-02-27,19.05,72.8,299.38336,298.21817
2014-02-28,18.8,72.8,298.1459,297.46268
2014-02-28,19.05,72.8,298.5569,297.52902
2014-03-01,18.8,72.8,297.75665,296.5986
2014-03-01,19.05,72.8,298.34534,296.65366
2014-03-02,18.8,72.8,299.88623,297.45782
2014-03-02,19.05,72.8,300.3094,297.49222
2014-03-03,18.8,72.8,300.30145,297.97556
2014-03-03,19.05,72.8,300.86557,298.05966
2014-03-04,18.8,72.8,298.9585,297.75812
2014-03-04,19.05,72.8,299.11887,297.75443
2014-03-05,18.8,72.8,298.7698,297.61493
2014-03-05,19.05,72.8,299.17212,297.71194
2014-03-06,18.8,72.8,298.7687,297.49594
2014-03-06,19.05,72.8,299.29126,297.7136
2014-03-07,18.8,72.8,298.82178,297.80338
2014-03-07,19.05,72.8,299.3332,298.096
2014-03-08,18.8,72.8,299.1778,298.12677
2014-03-08,19.05,72.8,299.73633,298.40918
2014-03-09,18.8,72.8,299.10535,298.0285
2014-03-09,19.05,72.8,299.39777,298.0744
2014-03-10,18.8,72.8,298.95654,298.07645
2014-03-10,19.05,72.8,299.458,298.17606
2014-03-11,18.8,72.8,299.3672,297.9625
2014-03-11,19.05,72.8,300.08057,298.13724
2014-03-12,18.8,72.8,301.13544,299.209
2014-03-12,19.05,72.8,302.14697,299.49292
2014-03-13,18.8,72.8,301.278,299.83255
2014-03-13,19.05,72.8,302.02075,300.03842
2014-03-14,18.8,72.8,301.9097,300.3403
2014-03-14,19.05,72.8,302.75916,300.69366
2014-03-15,18.8,72.8,302.53394,300.74417
2014-03-15,19.05,72.8,303.40338,301.10947
2014-03-16,18.8,72.8,302.22385,300.909
2014-03-16,19.05,72.8,303.26825,301.27737
2014-03-17,18.8,72.8,302.82697,301.34738
2014-03-17,19.05,72.8,303.74945,301.64285
2014-03-18,18.8,72.8,302.16772,300.5765
2014-03-18,19.05,72.8,303.18488,300.84225
2014-03-19,18.8,72.8,302.35654,300.90952
2014-03-19,19.05,72.8,303.41632,301.1417
2014-03-20,18.8,72.8,302.16013,300.8204
2014-03-20,19.05,72.8,303.23584,301.00064
2014-03-21,18.8,72.8,301.1991,299.63046
2014-03-21,19.05,72.8,301.84143,299.67685
2014-03-22,18.8,72.8,298.98578,298.20593
2014-03-22,19.05,72.8,299.79724,298.32236
2014-03-23,18.8,72.8,300.56104,298.63928
2014-03-23,19.05,72.8,301.62253,298.91934
2014-03-24,18.8,72.8,300.2812,299.05173
2014-03-24,19.05,72.8,301.36633,299.32886
2014-03-25,18.8,72.8,300.83627,299.4895
2014-03-25,19.05,72.8,301.78595,299.8048
2014-03-26,18.8,72.8,300.9881,299.6897
2014-03-26,19.05,72.8,301.96274,300.00504
2014-03-27,18.8,72.8,301.80884,300.11218
2014-03-27,19.05,72.8,302.76053,300.36716
2014-03-28,18.8,72.8,300.86713,299.75955
2014-03-28,19.05,72.8,301.8809,300.07336
2014-03-29,18.8,72.8,301.86774,300.19342
2014-03-29,19.05,72.8,303.0497,300.5629
2014-03-30,18.8,72.8,302.56506,300.9385
2014-03-30,19.05,72.8,303.74918,301.35483
2014-03-31,18.8,72.8,301.4035,300.31235
2014-03-31,19.05,72.8,302.50723,300.7021
2014-04-01,18.8,72.8,300.97046,299.70358
2014-04-01,19.05,72.8,302.11655,300.0265
2014-04-02,18.8,72.8,301.06873,299.53082
2014-04-02,19.05,72.8,302.1713,299.86908
2014-04-03,18.8,72.8,301.39954,299.56482
2014-04-03,19.05,72.8,302.5292,299.89743
2014-04-04,18.8,72.8,302.39697,300.5526
2014-04-04,19.05,72.8,303.67557,301.06277
2014-04-05,18.8,72.8,301.58865,300.39188
2014-04-05,19.05,72.8,302.5169,300.76337
2014-04-06,18.8,72.8,301.49332,300.2572
2014-04-06,19.05,72.8,302.67075,300.69263
2014-04-07,18.8,72.8,301.07336,300.1497
2014-04-07,19.05,72.8,301.91272,300.55954
2014-04-08,18.8,72.8,301.0771,300.21646
2014-04-08,19.05,72.8,301.72696,300.55093
2014-04-09,18.8,72.8,300.84497,299.85934
2014-04-09,19.05,72.8,301.589,300.15482
2014-04-10,18.8,72.8,300.6451,299.67014
2014-04-10,19.05,72.8,301.58722,299.9601
2014-04-11,18.8,72.8,301.16565,299.50693
2014-04-11,19.05,72.8,302.00244,299.6834
2014-04-12,18.8,72.8,300.92096,299.42325
2014-04-12,19.05,72.8,301.7807,299.59714
2014-04-13,18.8,72.8,300.6217,299.38278
2014-04-13,19.05,72.8,301.0637,299.565
2014-04-14,18.8,72.8,300.37262,299.22574
2014-04-14,19.05,72.8,301.06583,299.4891
2014-04-15,18.8,72.8,300.3623,299.33017
2014-04-15,19.05,72.8,300.83112,299.5256
2014-04-16,18.8,72.8,300.63184,299.6869
2014-04-16,19.05,72.8,301.44885,299.98923
2014-04-17,18.8,72.8,300.58533,299.87946
2014-04-17,19.05,72.8,301.1142,300.14545
2014-04-18,18.8,72.8,301.17386,300.2462
2014-04-18,19.05,72.8,301.61255,300.44644
2014-04-19,18.8,72.8,300.77682,299.92557
2014-04-19,19.05,72.8,301.64465,300.1827
2014-04-20,18.8,72.8,301.32855,300.25418
2014-04-20,19.05,72.8,302.26367,300.5483
2014-04-21,18.8,72.8,302.6855,301.32156
2014-04-21,19.05,72.8,303.75934,301.5972
2014-04-22,18.8,72.8,303.6476,302.2059
2014-04-22,19.05,72.8,304.81296,302.5788
2014-04-23,18.8,72.8,304.75342,303.17355
2014-04-23,19.05,72.8,305.9737,303.6591
2014-04-24,18.8,72.8,303.74316,302.66083
2014-04-24,19.05,72.8,304.63394,303.03317
2014-04-25,18.8,72.8,302.7701,301.56204
2014-04-25,19.05,72.8,303.69714,301.88458
2014-04-26,18.8,72.8,302.85742,301.4976
2014-04-26,19.05,72.8,303.86957,301.8804
2014-04-27,18.8,72.8,302.30487,301.1981
2014-04-27,19.05,72.8,302.8571,301.5342
2014-04-28,18.8,72.8,302.22345,301.32373
2014-04-28,19.05,72.8,302.765,301.60028
2014-04-29,18.8,72.8,302.24954,301.2939
2014-04-29,19.05,72.8,302.74,301.60318
2014-04-30,18.8,72.8,302.28214,301.31934
2014-04-30,19.05,72.8,302.88318,301.6811
2014-05-01,18.8,72.8,302.35962,301.24802
2014-05-01,19.05,72.8,303.1881,301.5803
2014-05-02,18.8,72.8,301.90253,301.17514
2014-05-02,19.05,72.8,302.46664,301.48178
2014-05-03,18.8,72.8,302.05865,301.0596
2014-05-03,19.05,72.8,302.53308,301.29007
2014-05-04,18.8,72.8,301.88202,300.6528
2014-05-04,19.05,72.8,302.56625,300.977
2014-05-05,18.8,72.8,302.1198,300.96902
2014-05-05,19.05,72.8,302.98145,301.33408
2014-05-06,18.8,72.8,302.49738,301.44778
2014-05-06,19.05,72.8,303.53033,301.91428
2014-05-07,18.8,72.8,302.91772,302.02225
2014-05-07,19.05,72.8,303.8194,302.4353
2014-05-08,18.8,72.8,303.37213,302.5628
2014-05-08,19.05,72.8,303.88354,302.78207
2014-05-09,18.8,72.8,303.65833,302.44833
2014-05-09,19.05,72.8,304.37085,302.7797
2014-05-10,18.8,72.8,302.44836,301.68576
2014-05-10,19.05,72.8,302.76675,301.86252
2014-05-11,18.8,72.8,302.12048,301.4243
2014-05-11,19.05,72.8,302.6228,301.6708
2014-05-12,18.8,72.8,302.32336,301.53015
2014-05-12,19.05,72.8,302.88275,301.77902
2014-05-13,18.8,72.8,302.6187,301.69296
2014-05-13,19.05,72.8,303.1723,301.9375
2014-05-14,18.8,72.8,302.57632,301.71457
2014-05-14,19.05,72.8,303.06696,301.91025
2014-05-15,18.8,72.8,302.6416,301.70288
2014-05-15,19.05,72.8,303.40424,301.93402
2014-05-16,18.8,72.8,302.50647,301.6216
2014-05-16,19.05,72.8,303.011,301.81027
2014-05-17,18.8,72.8,302.97272,301.98444
2014-05-17,19.05,72.8,303.55408,302.14484
2014-05-18,18.8,72.8,303.06976,302.0919
2014-05-18,19.05,72.8,303.86133,302.3287
2014-05-19,18.8,72.8,304.484,302.9895
2014-05-19,19.05,72.8,305.56262,303.49838
2014-05-20,18.8,72.8,304.1973,303.03885
2014-05-20,19.05,72.8,305.36868,303.4932
2014-05-21,18.8,72.8,303.34317,302.46463
2014-05-21,19.05,72.8,304.0699,302.80023
2014-05-22,18.8,72.8,302.73593,302.0779
2014-05-22,19.05,72.8,303.16928,302.33368
2014-05-23,18.8,72.8,302.79462,301.91318
2014-05-23,19.05,72.8,303.3208,302.1436
2014-05-24,18.8,72.8,302.44733,301.71353
2014-05-24,19.05,72.8,303.02054,302.05005
2014-05-25,18.8,72.8,302.50818,301.8406
2014-05-25,19.05,72.8,302.95425,302.13022
2014-05-26,18.8,72.8,302.86353,302.11002
2014-05-26,19.05,72.8,303.4631,302.4059
2014-05-27,18.8,72.8,303.0609,302.22064
2014-05-27,19.05,72.8,303.46405,302.4373
2014-05-28,18.8,72.8,302.97592,302.19174
2014-05-28,19.05,72.8,303.48297,302.398
2014-05-29,18.8,72.8,303.13147,302.3362
2014-05-29,19.05,72.8,303.60876,302.56113
2014-05-30,18.8,72.8,302.88684,302.28214
2014-05-30,19.05,72.8,303.33777,302.56018
2014-05-31,18.8,72.8,302.8448,302.11545
2014-05-31,19.05,72.8,303.22046,302.35516
2014-06-01,18.8,72.8,302.8922,302.28674
2014-06-01,19.05,72.8,303.44452,302.59326
2014-06-02,18.8,72.8,303.24005,302.478
2014-06-02,19.05,72.8,303.90765,302.7617
2014-06-03,18.8,72.8,303.30573,302.58276
2014-06-03,19.05,72.8,303.80133,302.78052
2014-06-04,18.8,72.8,303.2751,302.62668
2014-06-04,19.05,72.8,303.74365,302.85022
2014-06-05,18.8,72.8,303.34912,302.6855
2014-06-05,19.05,72.8,303.80328,302.92804
2014-06-06,18.8,72.8,303.41006,302.87988
2014-06-06,19.05,72.8,303.8354,303.11703
2014-06-07,18.8,72.8,303.21204,302.6096
2014-06-07,19.05,72.8,303.64124,302.84235
2014-06-08,18.8,72.8,303.39594,302.8762
2014-06-08,19.05,72.8,303.6744,303.08865
2014-06-09,18.8,72.8,303.80518,302.866
2014-06-09,19.05,72.8,303.93613,303.06168
2014-06-10,18.8,72.8,304.52927,302.79782
2014-06-10,19.05,72.8,304.77652,303.13354
2014-06-11,18.8,72.8,303.5428,302.37497
2014-06-11,19.05,72.8,304.03433,302.70352
2014-06-12,18.8,72.8,302.95853,301.75632
2014-06-12,19.05,72.8,303.4106,302.01984
2014-06-13,18.8,72.8,302.63992,301.32516
2014-06-13,19.05,72.8,303.09375,301.60132
2014-06-14,18.8,72.8,301.7063,301.00684
2014-06-14,19.05,72.8,301.9711,301.21866
2014-06-15,18.8,72.8,300.84497,300.27188
2014-06-15,19.05,72.8,301.13577,300.5059
2014-06-16,18.8,72.8,300.95776,300.44272
2014-06-16,19.05,72.8,301.37457,300.6519
2014-06-17,18.8,72.8,302.23743,301.11407
2014-06-17,19.05,72.8,302.57977,301.24567
2014-06-18,18.8,72.8,301.29532,300.91537
2014-06-18,19.05,72.8,301.61618,301.11844
2014-06-19,18.8,72.8,302.07373,301.16052
2014-06-19,19.05,72.8,302.50723,301.35825
2014-06-20,18.8,72.8,302.38797,301.91196
2014-06-20,19.05,72.8,302.79843,302.1634
2014-06-21,18.8,72.8,302.32806,301.74472
2014-06-21,19.05,72.8,302.57086,301.98938
2014-06-22,18.8,72.8,302.01703,301.5817
2014-06-22,19.05,72.8,302.47354,301.83957
2014-06-23,18.8,72.8,302.00818,301.5269
2014-06-23,19.05,72.8,302.42224,301.77887
2014-06-24,18.8,72.8,301.88773,301.47525
2014-06-24,19.05,72.8,302.3828,301.7836
2014-06-25,18.8,72.8,301.9608,301.57175
2014-06-25,19.05,72.8,302.37067,301.77713
2014-06-26,18.8,72.8,302.27454,301.69553
2014-06-26,19.05,72.8,302.71277,301.95178
2014-06-27,18.8,72.8,302.34232,301.59595
2014-06-27,19.05,72.8,302.79938,301.85895
2014-06-28,18.8,72.8,302.40405,301.66608
2014-06-28,19.05,72.8,302.86136,301.94815
2014-06-29,18.8,72.8,302.34686,301.6984
2014-06-29,19.05,72.8,302.74994,302.0737
2014-06-30,18.8,72.8,302.3543,301.4597
2014-06-30,19.05,72.8,302.62372,301.7132
2014-07-01,18.8,72.8,302.1394,301.43936
2014-07-01,19.05,72.8,302.67465,301.7357
2014-07-02,18.8,72.8,301.57037,300.42245
2014-07-02,19.05,72.8,301.78232,300.67166
2014-07-03,18.8,72.8,299.87836,299.55093
2014-07-03,19.05,72.8,300.5321,299.80396
2014-07-04,18.8,72.8,301.0964,300.1041
2014-07-04,19.05,72.8,301.54498,300.42975
2014-07-05,18.8,72.8,301.83875,300.7221
2014-07-05,19.05,72.8,302.42706,301.11505
2014-07-06,18.8,72.8,301.46255,300.75928
2014-07-06,19.05,72.8,301.79715,301.0682
2014-07-07,18.8,72.8,301.1422,300.2974
2014-07-07,19.05,72.8,301.67798,300.6663
2014-07-08,18.8,72.8,300.2533,299.74142
2014-07-08,19.05,72.8,300.80225,300.06866
2014-07-09,18.8,72.8,300.11462,299.71805
2014-07-09,19.05,72.8,300.37366,300.00552
2014-07-10,18.8,72.8,299.9028,299.51648
2014-07-10,19.05,72.8,299.9896,299.67484
2014-07-11,18.8,72.8,300.26224,299.8264
2014-07-11,19.05,72.8,300.65936,299.94693
2014-07-12,18.8,72.8,300.75287,299.849
2014-07-12,19.05,72.8,301.06522,299.94992
2014-07-13,18.8,72.8,300.1838,299.7488
2014-07-13,19.05,72.8,300.4061,299.91925
2014-07-14,18.8,72.8,300.27692,299.97763
2014-07-14,19.05,72.8,300.79007,300.208
2014-07-15,18.8,72.8,300.22342,299.90604
2014-07-15,19.05,72.8,300.4217,300.09915
2014-07-16,18.8,72.8,300.36584,299.8689
2014-07-16,19.05,72.8,300.55234,299.98074
2014-07-17,18.8,72.8,301.1187,300.41397
2014-07-17,19.05,72.8,301.49158,300.51773
2014-07-18,18.8,72.8,300.85452,300.2438
2014-07-18,19.05,72.8,301.07785,300.38345
2014-07-19,18.8,72.8,300.4427,300.06766
2014-07-19,19.05,72.8,300.82202,300.35022
2014-07-20,18.8,72.8,300.79373,299.91614
2014-07-20,19.05,72.8,301.02618,300.1851
2014-07-21,18.8,72.8,299.30664,298.71045
2014-07-21,19.05,72.8,299.68216,298.99783
2014-07-22,18.8,72.8,299.9825,299.02896
2014-07-22,19.05,72.8,300.3153,299.32553
2014-07-23,18.8,72.8,300.23932,299.70078
2014-07-23,19.05,72.8,300.46027,299.90158
2014-07-24,18.8,72.8,300.27652,299.62564
2014-07-24,19.05,72.8,300.63974,299.87082
2014-07-25,18.8,72.8,300.32413,299.4509
2014-07-25,19.05,72.8,300.8073,299.74503
2014-07-26,18.8,72.8,300.48383,299.59354
2014-07-26,19.05,72.8,300.73285,299.83432
2014-07-27,18.8,72.8,299.86877,299.36072
2014-07-27,19.05,72.8,300.12567,299.57556
2014-07-28,18.8,72.8,299.84995,299.4472
2014-07-28,19.05,72.8,300.01428,299.61554
2014-07-29,18.8,72.8,299.91138,299.54993
2014-07-29,19.05,72.8,299.9797,299.62674
2014-07-30,18.8,72.8,299.7906,299.62405
2014-07-30,19.05,72.8,300.01004,299.67203
2014-07-31,18.8,72.8,299.78986,299.56024
2014-07-31,19.05,72.8,300.0335,299.63858
2014-08-01,18.8,72.8,300.19965,299.7734
2014-08-01,19.05,72.8,300.40012,299.88446
2014-08-02,18.8,72.8,300.38556,299.68695
2014-08-02,19.05,72.8,300.5576,299.8812
2014-08-03,18.8,72.8,300.19354,299.68143
2014-08-03,19.05,72.8,300.42807,299.8927
2014-08-04,18.8,72.8,299.6665,299.39597
2014-08-04,19.05,72.8,300.0197,299.56815
2014-08-05,18.8,72.8,299.61047,299.17624
2014-08-05,19.05,72.8,300.0108,299.40485
2014-08-06,18.8,72.8,299.32175,298.89938
2014-08-06,19.05,72.8,299.56378,299.1017
2014-08-07,18.8,72.8,298.9982,298.80026
2014-08-07,19.05,72.8,299.3658,299.03143
2014-08-08,18.8,72.8,299.34378,298.6946
2014-08-08,19.05,72.8,299.53586,298.9089
2014-08-09,18.8,72.8,299.83115,298.9744
2014-08-09,19.05,72.8,300.10043,299.18225
2014-08-10,18.8,72.8,299.59796,298.8594
2014-08-10,19.05,72.8,299.98096,299.10123
2014-08-11,18.8,72.8,299.32993,298.90585
2014-08-11,19.05,72.8,299.62106,299.10364
2014-08-12,18.8,72.8,300.02707,299.16745
2014-08-12,19.05,72.8,300.30487,299.34326
2014-08-13,18.8,72.8,300.29642,299.54025
2014-08-13,19.05,72.8,300.60602,299.64655
2014-08-14,18.8,72.8,299.74396,299.48816
2014-08-14,19.05,72.8,300.09064,299.7105
2014-08-15,18.8,72.8,299.92795,299.26697
2014-08-15,19.05,72.8,300.20978,299.41922
2014-08-16,18.8,72.8,299.7844,299.1108
2014-08-16,19.05,72.8,299.92868,299.27216
2014-08-17,18.8,72.8,300.23993,299.33478
2014-08-17,19.05,72.8,300.4717,299.5626
2014-08-18,18.8,72.8,300.38962,299.51233
2014-08-18,19.05,72.8,300.75204,299.693
2014-08-19,18.8,72.8,300.47644,299.9029
2014-08-19,19.05,72.8,301.0609,300.1721
2014-08-20,18.8,72.8,301.12347,300.38782
2014-08-20,19.05,72.8,301.61124,300.57416
2014-08-21,18.8,72.8,301.25656,300.50262
2014-08-21,19.05,72.8,301.60632,300.6923
2014-08-22,18.8,72.8,300.69388,300.21823
2014-08-22,19.05,72.8,301.2379,300.43893
2014-08-23,18.8,72.8,301.59464,300.5979
2014-08-23,19.05,72.8,301.83902,300.7512
2014-08-24,18.8,72.8,300.93976,300.48596
2014-08-24,19.05,72.8,301.54178,300.74347
2014-08-25,18.8,72.8,300.58917,299.92636
2014-08-25,19.05,72.8,300.92444,300.24496
2014-08-26,18.8,72.8,299.7859,299.34503
2014-08-26,19.05,72.8,299.91272,299.54306
2014-08-27,18.8,72.8,299.5612,299.0725
2014-08-27,19.05,72.8,299.92233,299.30008
2014-08-28,18.8,72.8,299.90405,299.01312
2014-08-28,19.05,72.8,300.48563,299.29343
2014-08-29,18.8,72.8,300.89597,299.82922
2014-08-29,19.05,72.8,301.33072,300.08148
2014-08-30,18.8,72.8,300.50858,299.75424
2014-08-30,19.05,72.8,300.66577,299.95224
2014-08-31,18.8,72.8,300.34363,299.60583
2014-08-31,19.05,72.8,300.6409,299.70688
2014-09-01,18.8,72.8,300.2497,299.47375
2014-09-01,19.05,72.8,300.26627,299.51398
2014-09-02,18.8,72.8,299.7697,299.4023
2014-09-02,19.05,72.8,299.93762,299.51764
2014-09-03,18.8,72.8,300.07257,299.51773
2014-09-03,19.05,72.8,300.17798,299.62265
2014-09-04,18.8,72.8,300.0685,299.47122
2014-09-04,19.05,72.8,300.26434,299.6228
2014-09-05,18.8,72.8,299.61038,299.1935
2014-09-05,19.05,72.8,299.87872,299.33334
2014-09-06,18.8,72.8,300.6438,299.83395
2014-09-06,19.05,72.8,301.27304,300.14304
2014-09-07,18.8,72.8,300.5643,300.09946
2014-09-07,19.05,72.8,300.9569,300.3008
2014-09-08,18.8,72.8,300.12784,299.54532
2014-09-08,19.05,72.8,300.44922,299.7378
2014-09-09,18.8,72.8,299.5269,298.8483
2014-09-09,19.05,72.8,299.68484,299.06055
2014-09-10,18.8,72.8,299.2196,298.8262
2014-09-10,19.05,72.8,299.41248,299.08755
2014-09-11,18.8,72.8,299.3843,298.8157
2014-09-11,19.05,72.8,299.7147,298.9917
2014-09-12,18.8,72.8,299.66162,299.02646
2014-09-12,19.05,72.8,299.95532,299.16364
2014-09-13,18.8,72.8,300.0276,299.14224
2014-09-13,19.05,72.8,300.25183,299.3076
2014-09-14,18.8,72.8,300.36044,299.4584
2014-09-14,19.05,72.8,300.72498,299.62604
2014-09-15,18.8,72.8,300.7427,299.764
2014-09-15,19.05,72.8,301.04645,299.91284
2014-09-16,18.8,72.8,300.76385,299.73886
2014-09-16,19.05,72.8,301.12073,299.99225
2014-09-17,18.8,72.8,300.99344,300.0216
2014-09-17,19.05,72.8,301.35876,300.2224
2014-09-18,18.8,72.8,301.27274,300.44766
2014-09-18,19.05,72.8,301.7388,300.66702
2014-09-19,18.8,72.8,301.04654,300.38022
2014-09-19,19.05,72.8,301.3122,300.68045
2014-09-20,18.8,72.8,301.04172,300.55234
2014-09-20,19.05,72.8,301.3158,300.67267
2014-09-21,18.8,72.8,301.19562,300.3136
2014-09-21,19.05,72.8,301.53925,300.44492
2014-09-22,18.8,72.8,301.52835,300.28873
2014-09-22,19.05,72.8,301.94345,300.51193
2014-09-23,18.8,72.8,301.56516,300.76282
2014-09-23,19.05,72.8,302.0152,300.96475
2014-09-24,18.8,72.8,301.64392,300.8482
2014-09-24,19.05,72.8,302.23553,301.09833
2014-09-25,18.8,72.8,302.18048,301.23013
2014-09-25,19.05,72.8,302.87415,301.47318
2014-09-26,18.8,72.8,302.9112,301.44662
2014-09-26,19.05,72.8,303.4946,301.66846
2014-09-27,18.8,72.8,303.7589,301.98196
2014-09-27,19.05,72.8,304.4234,302.29486
2014-09-28,18.8,72.8,304.60315,302.45792
2014-09-28,19.05,72.8,305.23776,302.7634
2014-09-29,18.8,72.8,303.77408,302.43884
2014-09-29,19.05,72.8,304.6134,302.80826
2014-09-30,18.8,72.8,302.86737,301.8384
2014-09-30,19.05,72.8,303.62326,302.24744
2014-10-01,18.8,72.8,302.80957,301.6038
2014-10-01,19.05,72.8,303.35992,301.7673
2014-10-02,18.8,72.8,303.73083,302.18155
2014-10-02,19.05,72.8,304.60577,302.5643
2014-10-03,18.8,72.8,303.56866,302.56323
2014-10-03,19.05,72.8,304.49213,303.01602
2014-10-04,18.8,72.8,303.08624,302.17197
2014-10-04,19.05,72.8,303.62756,302.47562
2014-10-05,18.8,72.8,303.3939,302.308
2014-10-05,19.05,72.8,304.12814,302.56198
2014-10-06,18.8,72.8,303.81268,302.44882
2014-10-06,19.05,72.8,304.4958,302.68155
2014-10-07,18.8,72.8,303.03577,302.0123
2014-10-07,19.05,72.8,303.55606,302.21255
2014-10-08,18.8,72.8,301.82428,300.3726
2014-10-08,19.05,72.8,302.2539,300.7311
2014-10-09,18.8,72.8,302.14572,301.17
2014-10-09,19.05,72.8,302.9508,301.3812
2014-10-10,18.8,72.8,302.4799,301.72806
2014-10-10,19.05,72.8,303.4038,301.99545
2014-10-11,18.8,72.8,303.3213,302.06094
2014-10-11,19.05,72.8,304.32556,302.4847
2014-10-12,18.8,72.8,303.3526,302.02414
2014-10-12,19.05,72.8,304.2378,302.40915
2014-10-13,18.8,72.8,302.8965,301.81534
2014-10-13,19.05,72.8,303.42288,301.9507
2014-10-14,18.8,72.8,302.15573,301.19876
2014-10-14,19.05,72.8,302.7224,301.37424
2014-10-15,18.8,72.8,302.8402,301.44424
2014-10-15,19.05,72.8,303.7632,301.882
2014-10-16,18.8,72.8,304.9615,302.88858
2014-10-16,19.05,72.8,305.76715,303.19397
2014-10-17,18.8,72.8,304.4388,302.9648
2014-10-17,19.05,72.8,304.96765,303.21506
2014-10-18,18.8,72.8,303.57385,302.7024
2014-10-18,19.05,72.8,304.43082,302.91223
2014-10-19,18.8,72.8,303.60364,302.64642
2014-10-19,19.05,72.8,304.37195,302.85168
2014-10-20,18.8,72.8,305.0443,303.25272
2014-10-20,19.05,72.8,305.84338,303.4844
2014-10-21,18.8,72.8,305.71762,303.3866
2014-10-21,19.05,72.8,305.95474,303.54547
2014-10-22,18.8,72.8,305.398,303.3054
2014-10-22,19.05,72.8,305.9446,303.46173
2014-10-23,18.8,72.8,305.62207,303.18045
2014-10-23,19.05,72.8,306.05994,303.29218
2014-10-24,18.8,72.8,304.2812,302.37607
2014-10-24,19.05,72.8,304.77844,302.5493
2014-10-25,18.8,72.8,301.8803,300.42612
2014-10-25,19.05,72.8,302.21863,300.5743
2014-10-26,18.8,72.8,301.9057,300.1542
2014-10-26,19.05,72.8,302.93402,300.55423
2014-10-27,18.8,72.8,301.0367,300.08743
2014-10-27,19.05,72.8,301.4186,300.26395
2014-10-28,18.8,72.8,302.37646,300.74304
2014-10-28,19.05,72.8,302.84848,300.82584
2014-10-29,18.8,72.8,303.5181,301.13364
2014-10-29,19.05,72.8,304.08252,301.07675
2014-10-30,18.8,72.8,303.7018,301.29404
2014-10-30,19.05,72.8,304.2165,301.30594
2014-10-31,18.8,72.8,302.958,300.96585
2014-10-31,19.05,72.8,303.50488,301.02377
2014-11-01,18.8,72.8,302.583,301.04465
2014-11-01,19.05,72.8,303.2096,301.10632
2014-11-02,18.8,72.8,302.5399,301.07748
2014-11-02,19.05,72.8,303.08978,301.17148
2014-11-03,18.8,72.8,304.21466,301.84183
2014-11-03,19.05,72.8,304.8131,301.8862
2014-11-04,18.8,72.8,303.53293,301.59283
2014-11-04,19.05,72.8,304.16724,301.67783
2014-11-05,18.8,72.8,303.17755,301.36337
2014-11-05,19.05,72.8,303.91095,301.53067
2014-11-06,18.8,72.8,302.76532,301.004
2014-11-06,19.05,72.8,303.47723,301.11154
2014-11-07,18.8,72.8,303.08722,300.96902
2014-11-07,19.05,72.8,303.77692,301.0962
2014-11-08,18.8,72.8,303.35638,301.33774
2014-11-08,19.05,72.8,304.26074,301.46927
2014-11-09,18.8,72.8,303.3568,301.26105
2014-11-09,19.05,72.8,304.36984,301.37872
2014-11-10,18.8,72.8,303.40186,301.5165
2014-11-10,19.05,72.8,303.97205,301.59445
2014-11-11,18.8,72.8,302.15845,301.40195
2014-11-11,19.05,72.8,302.58475,301.53766
2014-11-12,18.8,72.8,302.80444,301.58115
2014-11-12,19.05,72.8,303.66794,301.90625
2014-11-13,18.8,72.8,303.58835,301.58798
2014-11-13,19.05,72.8,304.38953,301.91122
2014-11-14,18.8,72.8,303.15955,301.6827
2014-11-14,19.05,72.8,303.7273,301.86813
2014-11-15,18.8,72.8,301.9205,300.4059
2014-11-15,19.05,72.8,302.41757,300.92554
2014-11-16,18.8,72.8,301.92963,300.52988
2014-11-16,19.05,72.8,302.32587,300.70245
2014-11-17,18.8,72.8,302.6508,301.22452
2014-11-17,19.05,72.8,303.399,301.47205
2014-11-18,18.8,72.8,303.3986,301.78333
2014-11-18,19.05,72.8,304.1112,302.13788
2014-11-19,18.8,72.8,303.2298,301.71463
2014-11-19,19.05,72.8,303.9814,302.07156
2014-11-20,18.8,72.8,304.06323,301.88144
2014-11-20,19.05,72.8,304.6656,302.07578
2014-11-21,18.8,72.8,303.03152,301.46274
2014-11-21,19.05,72.8,303.70233,301.52753
2014-11-22,18.8,72.8,303.00455,301.04947
2014-11-22,19.05,72.8,303.70117,301.12552
2014-11-23,18.8,72.8,302.35962,300.81033
2014-11-23,19.05,72.8,303.0578,300.93185
2014-11-24,18.8,72.8,304.1693,301.53073
2014-11-24,19.05,72.8,304.64987,301.55273
2014-11-25,18.8,72.8,303.7891,301.3577
2014-11-25,19.05,72.8,304.17932,301.2948
2014-11-26,18.8,72.8,303.76727,300.9311
2014-11-26,19.05,72.8,304.24097,300.815
2014-11-27,18.8,72.8,302.9688,300.4108
2014-11-27,19.05,72.8,303.4217,300.34927
2014-11-28,18.8,72.8,302.4752,300.2935
2014-11-28,19.05,72.8,303.255,300.28546
2014-11-29,18.8,72.8,302.34457,300.186
2014-11-29,19.05,72.8,302.98718,300.19022
2014-11-30,18.8,72.8,302.9527,300.44675
2014-11-30,19.05,72.8,303.37244,300.38315
2014-12-01,18.8,72.8,303.2136,300.48944
2014-12-01,19.05,72.8,303.47827,300.2699
2014-12-02,18.8,72.8,303.21222,300.6193
2014-12-02,19.05,72.8,303.6858,300.3889
2014-12-03,18.8,72.8,302.98413,300.60706
2014-12-03,19.05,72.8,303.52716,300.4421
2014-12-04,18.8,72.8,302.28577,300.3922
2014-12-04,19.05,72.8,303.06635,300.36923
2014-12-05,18.8,72.8,303.2506,300.5168
2014-12-05,19.05,72.8,303.7373,300.3182
2014-12-06,18.8,72.8,303.44135,300.29712
2014-12-06,19.05,72.8,303.99304,300.05984
2014-12-07,18.8,72.8,302.94623,300.00452
2014-12-07,19.05,72.8,303.17023,299.74435
2014-12-08,18.8,72.8,302.29688,299.8579
2014-12-08,19.05,72.8,303.19077,299.7097
2014-12-09,18.8,72.8,301.79306,299.84225
2014-12-09,19.05,72.8,302.33606,299.71896
2014-12-10,18.8,72.8,301.68652,299.88864
2014-12-10,19.05,72.8,302.22333,299.78992
2014-12-11,18.8,72.8,301.03387,299.8817
2014-12-11,19.05,72.8,301.62433,299.75986
2014-12-12,18.8,72.8,300.5547,299.50616
2014-12-12,19.05,72.8,300.86133,299.49423
2014-12-13,18.8,72.8,299.5608,298.35715
2014-12-13,19.05,72.8,299.80164,298.2053
2014-12-14,18.8,72.8,299.98328,298.21524
2014-12-14,19.05,72.8,300.40497,298.03244
2014-12-15,18.8,72.8,300.66345,297.5528
2014-12-15,19.05,72.8,300.7588,297.23166
2014-12-16,18.8,72.8,301.9215,298.53143
2014-12-16,19.05,72.8,301.88617,298.01035
2014-12-17,18.8,72.8,301.27667,298.5132
2014-12-17,19.05,72.8,301.16345,297.99237
2014-12-18,18.8,72.8,300.79477,297.8944
2014-12-18,19.05,72.8,300.89084,297.38385
2014-12-19,18.8,72.8,301.506,298.44565
2014-12-19,19.05,72.8,301.65677,297.93832
2014-12-20,18.8,72.8,300.7661,298.57898
2014-12-20,19.05,72.8,301.5341,298.23364
2014-12-21,18.8,72.8,300.96704,298.42462
2014-12-21,19.05,72.8,301.42664,298.11734
2014-12-22,18.8,72.8,300.81876,298.23096
2014-12-22,19.05,72.8,301.27985,297.90808
2014-12-23,18.8,72.8,299.8679,297.87378
2014-12-23,19.05,72.8,300.3095,297.59195
2014-12-24,18.8,72.8,300.1799,297.72568
2014-12-24,19.05,72.8,300.51813,297.45044
2014-12-25,18.8,72.8,300.34885,297.92203
2014-12-25,19.05,72.8,301.00372,297.7412
2014-12-26,18.8,72.8,300.84622,298.3313
2014-12-26,19.05,72.8,300.9139,297.99957
2014-12-27,18.8,72.8,300.6526,297.90903
2014-12-27,19.05,72.8,300.5526,297.49896
2014-12-28,18.8,72.8,300.54694,297.57697
2014-12-28,19.05,72.8,301.06665,297.1832
2014-12-29,18.8,72.8,300.1225,297.40378
2014-12-29,19.05,72.8,300.63306,296.98868
2014-12-30,18.8,72.8,298.40726,296.96323
2014-12-30,19.05,72.8,298.7426,296.64355
2014-12-31,18.8,72.8,297.63226,296.66138
2014-12-31,19.05,72.8,297.7282,296.35934
